meeting_key,session_key,driver_number,lap_number,date_start,duration_sector_1,duration_sector_2,duration_sector_3,i1_speed,i2_speed,is_pit_out_lap,lap_duration,segments_sector_1,segments_sector_2,segments_sector_3,st_speed
1207,9064,27,1,2023-04-28T13:00:03.568000+00:00,,46.363,26.644,170.0,202.0,True,,"[2064, 2064, 2049, 2049, 2049, 2049, 2051, 2049]","[2049, 2049, 2049, 2049, 2049, 2049, 2049, 2049, 2049, 2051]","[2049, 2049, 2049, 2049, 2049, 2051]",300.0
1207,9064,44,1,2023-04-28T13:00:06.474000+00:00,,46.319,27.249,170.0,139.0,True,,"[2064, 2064, 2049, 2049, 2049, 2049, 2049, 2049]","[2049, 2049, 2049, 2049, 2049, 2049, 2051, 2051, 2049, 2049]","[2049, 2049, 2049, 2049, 2049, 2049]",295.0
1207,9064,20,1,2023-04-28T13:00:07.943000+00:00,,47.283,26.682,173.0,165.0,True,,"[2064, 2064, 2049, 2049, 2049, 2049, 2049, 2049]","[2049, 2049, 2049, 2049, 2049, 2049, 2049, 2049, 2051, 2049]","[2049, 2051, 2051, 2051, 2051, 2051]",301.0
1207,9064,31,1,2023-04-28T13:00:09.255000+00:00,,48.292,27.393,169.0,161.0,True,,"[2064, 2064, 2049, 2049, 2049, 2049, 2049, 2049]","[2049, 2049, 2049, 2049, 2049, 2049, 2049, 2049, 2049, 2049]","[2049, 2049, 2049, 2049, 2049, 2051]",294.0
1207,9064,23,1,2023-04-28T13:00:10.630000+00:00,,49.917,28.015,143.0,180.0,True,,"[2064, 2064, 2049, 2049, 2049, 2049, 2049, 2049]","[2049, 2051, 2049, 2049, 2049, 2049, 2049, 2049, 2049, 2049]","[2049, 2049, 2049, 2049, 2049, 2049]",297.0
1207,9064,63,1,2023-04-28T13:00:12.021000+00:00,,53.038,26.922,140.0,195.0,True,,"[2064, 2064, 2049, 2049, 2049, 2049, 2049, 2049]","[2049, 2049, 2049, 2049, 2049, 2051, 2049, 2049, 2049, 2049]","[2051, 2049, 2049, 2049, 2049, 2049]",289.0
1207,9064,22,1,2023-04-28T13:00:19.443000+00:00,,53.836,26.581,148.0,189.0,True,,"[2064, 2064, 2049, 2049, 2049, 2049, 2049, 2049]","[2049, 2049, 2049, 2049, 2049, 2049, 2049, 2049, 2049, 2049]","[2049, 2049, 2049, 2049, 2049, 2051]",301.0
1207,9064,77,1,2023-04-28T13:00:21.067000+00:00,,56.974,27.057,177.0,79.0,True,,"[2064, 2064, 2049, 2049, 2049, 2049, 2049, 2049]","[2049, 2049, 2049, 2049, 2049, 2049, 2049, 2049, 2049, 2049]","[2049, 2049, 2049, 2049, 2049, 2049]",300.0
1207,9064,24,1,2023-04-28T13:00:23.192000+00:00,,57.116,26.961,154.0,106.0,True,,"[2064, 2064, 2049, 2049, 2049, 2049, 2049, 2049]","[2049, 2049, 2049, 2049, 2049, 2049, 2049, 2049, 2049, 2049]","[2049, 2049, 2049, 2049, 2049, 2049, 2049]",300.0
1207,9064,2,1,2023-04-28T13:00:25.286000+00:00,,60.455,27.216,171.0,129.0,True,,"[2064, 2064, 2049, 2049, 2049, 2049, 2049, 2049]","[2049, 2049, 2049, 2049, 2049, 2049, 2049, 2049, 2049, 2049]","[2049, 2049, 2049, 2049, 2049, 2049]",281.0
1207,9064,14,1,2023-04-28T13:00:28.349000+00:00,,55.976,31.112,183.0,65.0,True,,"[2064, 2064, 2049, 2049, 2049, 2049, 2049, 2049]","[2049, 2049, 2049, 2049, 2049, 2049, 2049, 2049, 2049, 2049]","[2049, 2049, 2049, 2049, 2049, 2049]",299.0
1207,9064,10,1,2023-04-28T13:00:29.583000+00:00,,57.617,31.302,149.0,172.0,True,,"[2064, 2064, 2049, 2049, 2049, 2049, 2049, 2049]","[2049, 2049, 2049, 2049, 2049, 2049, 2049, 2049, 2049, 2049]","[2049, 2049, 2049, 2049, 2049, 2049, 2049]",287.0
1207,9064,18,1,2023-04-28T13:00:32.067000+00:00,,60.599,31.369,175.0,119.0,True,,"[2064, 2064, 2049, 2049, 2049, 2049, 2049, 2049]","[2049, 2049, 2049, 2049, 2049, 2049, 2049, 2049, 2049, 2049]","[2049, 2049, 2049, 2049, 2049, 2049]",299.0
1207,9064,81,1,2023-04-28T13:00:33.755000+00:00,,63.24,28.896,177.0,55.0,True,,"[2064, 2064, 2049, 2049, 2049, 2049, 2049, 2049]","[2049, 2049, 2049, 2049, 2049, 2049, 2049, 2049, 2049, 2049]","[2049, 2049, 2049, 2049, 2049, 2049]",293.0
1207,9064,4,1,2023-04-28T13:00:43.333000+00:00,,64.376,28.501,173.0,70.0,True,,"[2064, 2064, 2049, 2049, 2049, 2049, 2049, 2049]","[2049, 2049, 2049, 2049, 2049, 2049, 2049, 2049, 2049, 2049]","[2049, 2049, 2049, 2049, 2049, 2049]",294.0
1207,9064,55,1,2023-04-28T13:00:48.145000+00:00,,61.0,31.421,182.0,45.0,True,,"[2064, 2064, 2049, 2049, 2049, 2049, 2049, 2049]","[2049, 2049, 2049, 2049, 2049, 2049, 2049, 2049, 2049, 2049]","[2049, 2049, 2049, 2049, 2049, 2049]",299.0
1207,9064,11,1,2023-04-28T13:00:52.958000+00:00,,70.34,26.588,172.0,114.0,True,,"[2064, 2064, 2049, 2049, 2049, 2049, 2049, 2049]","[2049, 2049, 2049, 2049, 2049, 2049, 2049, 2049, 2049, 2049]","[2049, 2049, 2049, 2049, 2049, 2049, 2051]",302.0
1207,9064,16,1,2023-04-28T13:01:20.411000+00:00,,53.77,26.354,181.0,203.0,True,,"[2064, 2064, 2049, 2049, 2049, 2049, 2049, 2049]","[2049, 2049, 2049, 2049, 2049, 2049, 2049, 2049, 2049, 2049]","[2049, 2049, 2049, 2051, 2049, 2049]",302.0
1207,9064,1,1,2023-04-28T13:01:32.082000+00:00,,54.09,26.256,188.0,214.0,True,,"[2064, 2064, 2049, 2049, 2049, 2049, 2049, 2049]","[2049, 2049, 2049, 2049, 2049, 2049, 2049, 2049, 2049, 2049]","[2049, 2049, 2049, 2049, 2049, 2051]",302.0
1207,9064,27,2,2023-04-28T13:01:55.988000+00:00,36.846,42.319,25.14,225.0,236.0,False,104.305,"[2049, 2049, 2049, 2049, 2049, 2049, 2049, 2049]","[2049, 2049, 2049, 2049, 2049, 2049, 2049, 2049, 2051, 2051]","[2049, 2051, 2051, 2051, 2051, 2051, 0]",317.0
1207,9064,44,2,2023-04-28T13:01:58.723000+00:00,36.718,41.888,25.07,209.0,238.0,False,103.676,"[2049, 2049, 2049, 2049, 2049, 2049, 2051, 2049]","[2049, 2049, 2049, 2049, 2049, 2049, 2049, 2049, 2049, 2049]","[2051, 2049, 2049, 2049, 2049, 2049, 0]",313.0
1207,9064,20,2,2023-04-28T13:02:02.644000+00:00,37.035,41.964,25.178,206.0,241.0,False,104.177,"[2049, 2049, 2049, 2049, 2049, 2049, 2049, 2049]","[2049, 2051, 2049, 2049, 2049, 2049, 2049, 2051, 2049, 2049]","[2049, 2049, 2049, 2049, 2049, 2049, 0]",315.0
1207,9064,31,2,2023-04-28T13:02:08.941000+00:00,37.026,42.025,25.062,226.0,234.0,False,104.113,"[2049, 2049, 2049, 2049, 2049, 2049, 2049, 2049]","[2049, 2049, 2049, 2051, 2049, 2049, 2049, 2049, 2049, 2049]","[2049, 2049, 2049, 2049, 2049, 2049, 0]",315.0
1207,9064,23,2,2023-04-28T13:02:12.488000+00:00,36.698,41.888,25.029,205.0,232.0,False,103.615,"[2049, 2049, 2049, 2049, 2049, 2049, 2049, 2049]","[2049, 2049, 2049, 2049, 2049, 2049, 2051, 2049, 2049, 2049]","[2049, 2049, 2051, 2051, 2051, 2051, 0]",315.0
1207,9064,63,2,2023-04-28T13:02:16.113000+00:00,36.803,41.908,25.154,205.0,229.0,False,103.865,"[2049, 2049, 2049, 2049, 2049, 2049, 2049, 2049]","[2049, 2049, 2049, 2049, 2049, 2049, 2049, 2049, 2049, 2049]","[2049, 2049, 2049, 2049, 2049, 2049, 0]",312.0
1207,9064,22,2,2023-04-28T13:02:21.316000+00:00,37.362,41.95,25.142,218.0,241.0,False,104.454,"[2049, 2049, 2049, 2049, 2051, 2048, 2049, 2049]","[2049, 2049, 2049, 2049, 2049, 2049, 2049, 2049, 2049, 2049]","[2049, 2049, 2049, 2049, 2049, 2049, 0]",316.0
1207,9064,77,2,2023-04-28T13:02:26.597000+00:00,36.606,41.67,25.188,216.0,227.0,False,103.464,"[2049, 2049, 2049, 2049, 2049, 2049, 2049, 2049]","[2049, 2049, 2049, 2049, 2051, 2049, 2049, 2049, 2049, 2049]","[2049, 2049, 2049, 2049, 2049, 2049, 0]",314.0
1207,9064,24,2,2023-04-28T13:02:30.113000+00:00,56.021,51.041,26.466,194.0,188.0,False,133.528,"[2049, 2049, 2048, 2048, 2048, 2049, 2049, 2049]","[2049, 2048, 2049, 2049, 2049, 2049, 2048, 2048, 2049, 2049]","[2049, 2049, 2049, 2049, 2049, 2049, 0]",302.0
1207,9064,2,2,2023-04-28T13:02:35.019000+00:00,36.93,42.017,24.9,206.0,228.0,False,103.847,"[2051, 2049, 2049, 2049, 2049, 2049, 2049, 2049]","[2049, 2049, 2049, 2049, 2049, 2049, 2049, 2049, 2049, 2049]","[2049, 2051, 2051, 2051, 2051, 2051, 0]",318.0
1207,9064,14,2,2023-04-28T13:02:41.050000+00:00,40.091,47.459,26.325,193.0,227.0,False,113.875,"[2049, 2049, 2049, 2049, 2049, 2049, 2049, 2049]","[2049, 2049, 2049, 2048, 2049, 2049, 2049, 2049, 2049, 2049]","[2049, 2049, 2049, 2049, 2049, 2049, 0]",301.0
1207,9064,10,2,2023-04-28T13:02:46.378000+00:00,37.311,42.427,25.115,203.0,235.0,False,104.853,"[2049, 2049, 2049, 2049, 2049, 2049, 2049, 2049]","[2049, 2049, 2049, 2049, 2049, 2049, 2049, 2049, 2049, 2049]","[2049, 2049, 2049, 2049, 2049, 2049, 0]",315.0
1207,9064,18,2,2023-04-28T13:02:51.347000+00:00,36.864,41.92,24.778,222.0,230.0,False,103.562,"[2049, 2049, 2049, 2049, 2049, 2049, 2049, 2049]","[2049, 2049, 2049, 2049, 2049, 2049, 2049, 2049, 2049, 2049]","[2049, 2049, 2051, 2051, 2051, 2051, 0]",324.0
1207,9064,21,1,2023-04-28T13:02:54.394000+00:00,,51.326,,154.0,182.0,True,,"[2064, 2064, 2049, 2049, 2049, 2049, 2049, 2049]","[2049, 2049, 2049, 2049, 2049, 2049, 2049, 2049, 2049, 2049]","[2049, 2049, 2049, 2049, 2049]",281.0
1207,9064,81,2,2023-04-28T13:02:56.003000+00:00,36.429,41.782,25.104,222.0,241.0,False,103.315,"[2049, 2049, 2049, 2049, 2049, 2049, 2049, 2049]","[2049, 2049, 2049, 2049, 2049, 2051, 2049, 2049, 2049, 2049]","[2049, 2049, 2049, 2049, 2049, 2049, 0]",313.0
1207,9064,55,2,2023-04-28T13:03:01.144000+00:00,36.679,41.787,29.543,219.0,235.0,False,108.009,"[2049, 2049, 2049, 2049, 2049, 2049, 2049, 2049]","[2049, 2049, 2049, 2049, 2049, 2049, 2051, 2049, 2049, 2049]","[2049, 2049, 2049, 2049, 2049, 2049, 2064]",321.0
1207,9064,4,2,2023-04-28T13:03:05.003000+00:00,36.437,41.278,25.076,221.0,232.0,False,102.791,"[2049, 2049, 2049, 2049, 2049, 2049, 2049, 2049]","[2051, 2049, 2049, 2049, 2049, 2049, 2049, 2049, 2049, 2049]","[2049, 2049, 2049, 2049, 2049, 2049, 0]",315.0
1207,9064,11,2,2023-04-28T13:03:09.691000+00:00,36.795,41.692,24.886,218.0,238.0,False,103.373,"[2049, 2049, 2049, 2049, 2049, 2049, 2049, 2049]","[2049, 2049, 2049, 2049, 2049, 2049, 2049, 2049, 2049, 2049]","[2049, 2049, 2049, 2049, 2049, 2049, 0]",318.0
1207,9064,16,2,2023-04-28T13:03:21.910000+00:00,36.129,41.072,24.904,218.0,244.0,False,102.105,"[2049, 2049, 2049, 2049, 2049, 2051, 2051, 2051]","[2049, 2049, 2051, 2049, 2049, 2049, 2049, 2051, 2049, 2049]","[2049, 2049, 2049, 2049, 2049, 2049, 0]",321.0
1207,9064,1,2,2023-04-28T13:03:30.628000+00:00,36.047,41.049,24.791,220.0,242.0,False,101.887,"[2049, 2049, 2051, 2051, 2049, 2049, 2049, 2049]","[2049, 2051, 2049, 2051, 2051, 2049, 2049, 2049, 2051, 2051]","[2051, 2049, 2049, 2049, 2049, 2049, 0]",318.0
1207,9064,27,3,2023-04-28T13:03:40.034000+00:00,48.468,55.53,,126.0,187.0,False,,"[2048, 2048, 2048, 2048, 2048, 2048, 2048, 2048]","[2048, 2048, 2048, 2048, 2048, 2048, 2048, 2048, 2048, 2048]","[2048, 2048, 2048, 2048, 2048, 0, 0]",302.0
1207,9064,44,3,2023-04-28T13:03:42.393000+00:00,49.874,55.292,,147.0,157.0,False,,"[2048, 2048, 2048, 2048, 2048, 2048, 2048, 2048]","[2048, 2048, 2048, 2048, 2048, 2048, 2048, 2048, 2048, 2048]","[2048, 2048, 2048, 2048, 2048, 0, 0]",296.0
1207,9064,20,3,2023-04-28T13:03:46.800000+00:00,46.832,58.873,,156.0,209.0,False,,"[2048, 2048, 2048, 2048, 2048, 2048, 2048, 2048]","[2048, 2048, 2048, 2048, 2048, 2048, 2048, 2048, 2048, 2048]","[2048, 2048, 2048, 2048, 2048, 0, 0]",303.0
1207,9064,31,3,2023-04-28T13:03:53.081000+00:00,47.258,58.055,,161.0,132.0,False,,"[2048, 2048, 2048, 2048, 2048, 2048, 2048, 2048]","[2048, 2048, 2048, 2048, 2048, 2048, 2048, 2048, 2048, 2048]","[2048, 2048, 2048, 2048, 2048, 0, 0]",290.0
1207,9064,23,3,2023-04-28T13:03:56.096000+00:00,47.696,62.448,,148.0,186.0,False,,"[2048, 2048, 2048, 2048, 2048, 2048, 2048, 2048]","[2048, 2048, 2048, 2048, 2048, 2048, 2048, 2048, 2048, 2048]","[2048, 2048, 2048, 2048, 2048, 0, 0]",301.0
1207,9064,63,3,2023-04-28T13:03:59.924000+00:00,42.956,59.282,,141.0,175.0,False,,"[2048, 2048, 2048, 2048, 2048, 2048, 2048, 2048]","[2048, 2048, 2048, 2048, 2048, 2048, 2048, 2048, 2048, 2048]","[2048, 2048, 2048, 2048, 2048, 0, 0]",292.0
1207,9064,22,3,2023-04-28T13:04:05.752000+00:00,48.035,60.055,,171.0,153.0,False,,"[2048, 2048, 2048, 2048, 2048, 2048, 2048, 2048]","[2048, 2048, 2048, 2048, 2048, 2048, 2048, 2048, 2048, 2048]","[2048, 2048, 2048, 2048, 2048, 0, 0]",304.0
1207,9064,77,3,2023-04-28T13:04:10.049000+00:00,44.189,64.381,,150.0,139.0,False,,"[2048, 2048, 2048, 2048, 2048, 2048, 2048, 2048]","[2048, 2048, 2048, 2048, 2048, 2048, 2048, 2048, 2048, 2048]","[2048, 2048, 2048, 2048, 2048, 0, 0]",300.0
1207,9064,2,3,2023-04-28T13:04:18.846000+00:00,41.099,64.494,,166.0,161.0,False,,"[2048, 2048, 2048, 2048, 2048, 2048, 2048, 2048]","[2048, 2048, 2048, 2048, 2048, 2048, 2048, 2048, 2048, 2048]","[2048, 2048, 2048, 2048, 2048, 0, 0]",304.0
1207,9064,10,3,2023-04-28T13:04:31.533000+00:00,45.086,53.843,,161.0,190.0,False,,"[2048, 2048, 2048, 2048, 2048, 2048, 2048, 2048]","[2048, 2048, 2048, 2048, 2048, 2048, 2048, 2048, 2048, 2048]","[2048, 2048, 2048, 2048, 2048, 0, 0]",292.0
1207,9064,18,3,2023-04-28T13:04:34.924000+00:00,46.708,54.396,,135.0,185.0,False,,"[2048, 2048, 2048, 2048, 2048, 2048, 2048, 2048]","[2048, 2048, 2048, 2048, 2048, 2048, 2048, 2048, 2048, 2048]","[2048, 2048, 2048, 2048, 2048, 0, 0]",304.0
1207,9064,14,3,2023-04-28T13:04:35.049000+00:00,36.31,41.482,24.856,221.0,232.0,False,102.648,"[None, 2049, 2049, 2049, 2049, 2049, 2049, 2049]","[2049, 2049, 2051, 2051, 2049, 2049, 2049, 2049, 2049, 2049]","[2049, 2051, 2049, 2049, 2049, 2049, 0]",319.0
1207,9064,81,3,2023-04-28T13:04:39.361000+00:00,50.99,50.226,,178.0,172.0,False,,"[2048, 2048, 2048, 2048, 2048, 2048, 2048, 2048]","[2048, 2048, 2048, 2048, 2048, 2048, 2048, 2048, 2048, 2048]","[2048, 2048, 2048, 2048, 2048, 0, 0]",297.0
1207,9064,24,3,2023-04-28T13:04:43.674000+00:00,36.764,42.018,25.002,219.0,238.0,False,103.784,"[2048, 2049, 2049, 2049, 2049, 2049, 2049, 2049]","[2049, 2049, 2049, 2049, 2049, 2049, 2049, 2049, 2049, 2049]","[2049, 2049, 2049, 2049, 2049, 2049, 0]",317.0
1207,9064,4,3,2023-04-28T13:04:47.799000+00:00,58.526,51.28,,145.0,206.0,False,,"[2048, 2048, 2048, 2048, 2048, 2048, 2048, 2048]","[2048, 2048, 2048, 2048, 2048, 2048, 2048, 2048, 2048, 2048]","[2048, 2048, 2048, 2048, 2048, 0, 0]",296.0
1207,9064,11,3,2023-04-28T13:04:53.064000+00:00,57.729,60.846,,106.0,211.0,False,,"[2048, 2048, 2048, 2048, 2048, 2048, 2048, 2048]","[2048, 2048, 2048, 2048, 2048, 2048, 2048, 2048, 2048, 2048]","[2048, 2048, 2048, 2048, 2048, 0, 0]",303.0
1207,9064,16,3,2023-04-28T13:05:04.080000+00:00,57.461,59.72,,109.0,198.0,False,,"[2048, 2048, 2048, 2048, 2048, 2048, 2048, 2048]","[2048, 2048, 2048, 2048, 2048, 2048, 2048, 2048, 2048, 2048]","[2048, 2048, 2048, 2048, 2048, 0, 0]",304.0
1207,9064,21,2,2023-04-28T13:05:04.408000+00:00,41.203,47.497,26.582,179.0,192.0,False,117.099,"[2049, 2049, 2049, 2049, 2049, 2049, 2049, 2049]","[2049, 2049, 2049, 2049, 2049, 2049, 2049, 2049, 2049, 2049]","[2049, 2049, 2049, 2049, 2049, 2049, 2049]",301.0
1207,9064,55,3,2023-04-28T13:05:09.064000+00:00,60.632,55.452,,177.0,196.0,True,,"[2064, 2064, 2048, 2048, 2048, 2048, 2048, 2048]","[2048, 2048, 2048, 2048, 2048, 2048, 2048, 2048, 2048, 2048]","[2048, 2048, 2048, 2048, 2048, 0, 0]",304.0
1207,9064,1,3,2023-04-28T13:05:12.533000+00:00,54.682,58.694,,113.0,149.0,False,,"[2048, 2048, 2048, 2048, 2048, 2048, 2048, 2048]","[2048, 2048, 2048, 2048, 2048, 2048, 2048, 2048, 2048, 2048]","[2048, 2048, 2048, 2048, 2048, 0, 0]",246.0
1207,9064,27,4,2023-04-28T13:05:50.892000+00:00,36.473,41.629,24.908,220.0,234.0,False,104.89,"[2049, 2049, 2049, 2049, 2049, 2049, 2049, 2049]","[2049, 2049, 2049, 2049, 2049, 2049, 2049, 2049, 2048, 2049]","[2049, 2049, 2049, 2049, 2049, 2049, 0]",318.0
1207,9064,44,4,2023-04-28T13:05:54.454000+00:00,36.323,41.553,25.039,220.0,241.0,False,104.717,"[2049, 2049, 2049, 2049, 2049, 2049, 2048, 2049]","[2049, 2049, 2049, 2049, 2048, 2049, 2048, 2049, 2049, 2049]","[2051, 2048, 2049, 2049, 2049, 2048, 2048]",313.0
1207,9064,20,4,2023-04-28T13:05:58.579000+00:00,36.39,41.541,25.486,216.0,235.0,False,103.958,"[2049, 2049, 2049, 2049, 2049, 2049, 2049, 2049]","[2049, 2048, 2049, 2051, 2048, 2049, 2048, 2049, 2049, 2048]","[2049, 2048, 2048, 2048, 2048, 2048, 0]",315.0
1207,9064,31,4,2023-04-28T13:06:05.501000+00:00,36.46,41.852,27.08,221.0,235.0,False,105.392,"[2049, 2049, 2049, 2049, 2049, 2049, 2049, 2049]","[2049, 2049, 2049, 2049, 2049, 2049, 2049, 2048, 2048, 2048]","[2049, 2048, 2048, 2049, 2049, 0, 0]",316.0
1207,9064,63,4,2023-04-28T13:06:09.142000+00:00,36.338,41.649,26.944,206.0,236.0,False,104.931,"[2049, 2049, 2049, 2049, 2049, 2049, 2049, 2049]","[2049, 2049, 2049, 2049, 2048, 2049, 2048, 2049, 2049, 2049]","[0, 0, 0, 0, 0, 0, 0]",
1207,9064,23,4,2023-04-28T13:06:12.782000+00:00,36.352,41.643,26.477,216.0,231.0,False,104.472,"[2049, 2049, 2049, 2049, 2049, 2049, 2049, 2049]","[2049, 2049, 2049, 2049, 2048, 2049, 2049, 2051, 2049, 2048]","[0, 0, 0, 0, 0, 0, 0]",
1207,9064,14,4,2023-04-28T13:06:17.657000+00:00,50.824,,,157.0,,False,,"[2048, 2048, 2048, 2048, 2048, 2048, 2048, 2048]","[0, 0, 0, 0, 0, 0, 0, 0, 0, 0]","[0, 0, 0, 0, 0, 0, 0]",
1207,9064,22,4,2023-04-28T13:06:20.282000+00:00,37.347,41.679,26.398,212.0,224.0,False,105.424,"[2049, 2049, 2049, 2049, 2049, 2048, 2049, 2048]","[2049, 2049, 2049, 2049, 2049, 2049, 2048, 2049, 2048, 2048]","[0, 0, 0, 0, 0, 0, 0]",
1207,9064,77,4,2023-04-28T13:06:26.188000+00:00,36.236,,27.521,231.0,,False,,"[2049, 2049, 2049, 2048, 2049, 2051, 2049, 2051]","[0, 0, 0, 0, 0, 0, 0, 0, 0, 0]","[0, 0, 0, 0, 0, 0, 0]",
1207,9064,24,4,2023-04-28T13:06:27.438000+00:00,44.812,,,166.0,,False,,"[None, 2048, 2048, 2048, 2048, 2048, 2048, 2048]","[0, 0, 0, 0, 0, 0, 0, 0, 0, 0]","[0, 0, 0, 0, 0, 0, 0]",
1207,9064,2,4,2023-04-28T13:06:31.001000+00:00,36.302,,26.501,208.0,,False,,"[None, 2049, 2049, 2049, 2049, 2049, 2049, 0]","[0, 0, 0, 0, 0, 0, 0, 0, 0, 0]","[0, 0, 0, 0, 0, 0, 0]",
1207,9064,10,4,2023-04-28T13:06:37.407000+00:00,36.504,,26.913,217.0,,False,,"[2051, 2049, 2049, 2049, 2049, 2049, 2049, 2049]","[0, 0, 0, 0, 0, 0, 0, 0, 0, 0]","[0, 0, 0, 0, 0, 0, 0]",
1207,9064,18,4,2023-04-28T13:06:42.751000+00:00,36.084,,26.676,227.0,,False,,"[2049, 2049, 2049, 2051, 2051, 2049, 2049, 2048]","[0, 0, 0, 0, 0, 0, 0, 0, 0, 0]","[0, 0, 0, 0, 0, 0, 0]",
1207,9064,81,4,2023-04-28T13:06:47.204000+00:00,36.014,,26.632,219.0,,False,,"[2049, 2049, 2048, 2049, 2049, 2049, 2049, 0]","[0, 0, 0, 0, 0, 0, 0, 0, 0, 0]","[0, 0, 0, 0, 0, 0, 0]",
1207,9064,21,3,2023-04-28T13:06:59.657000+00:00,41.203,,,,,False,,"[None, 2049, 2049, 2049, 2049, 2052, 0, 0]","[0, 0, 0, 0, 0, 0, 0, 0, 0, 0]","[0, 0, 0, 0, 0, 0, 0]",301.0
1207,9064,4,4,2023-04-28T13:07:04.485000+00:00,,,26.578,,,False,,"[2049, 0, 0, 0, 0, 0, 0, 0]","[0, 0, 0, 0, 0, 0, 0, 0, 0, 0]","[0, 0, 0, 0, 0, 0, 0]",
1207,9064,55,4,2023-04-28T13:07:11.625000+00:00,,,26.318,,,False,,"[2049, 0, 0, 0, 0, 0, 0, 0]","[0, 0, 0, 0, 0, 0, 0, 0, 0, 0]","[0, 0, 0, 0, 0, 0, 0]",
1207,9064,11,4,2023-04-28T13:07:17.797000+00:00,,,26.113,,,False,,"[2049, 0, 0, 0, 0, 0, 0, 0]","[0, 0, 0, 0, 0, 0, 0, 0, 0, 0]","[0, 0, 0, 0, 0, 0, 0]",
1207,9064,16,4,2023-04-28T13:07:27.438000+00:00,,,26.182,,,False,,"[2049, 0, 0, 0, 0, 0, 0, 0]","[0, 0, 0, 0, 0, 0, 0, 0, 0, 0]","[0, 0, 0, 0, 0, 0, 0]",
1207,9064,1,4,2023-04-28T13:07:41.844000+00:00,,,35.895,,,False,,"[None, 0, 0, 0, 0, 0, 0, 0]","[0, 0, 0, 0, 0, 0, 0, 0, 0, 0]","[0, 0, 0, 0, 0, 0, 0]",
1207,9064,23,5,2023-04-28T13:24:04.348000+00:00,,46.688,,163.0,204.0,True,,"[2064, 2064, 2048, 2048, 2048, 2048, 2048, 2048]","[2048, 2048, 2048, 2048, 2048, 2048, 2048, 2048, 2048, 2048]","[2048, 2048, 2048, 2048, 2048, 0, 0]",296.0
1207,9064,2,5,2023-04-28T13:24:06.239000+00:00,,49.486,,177.0,204.0,True,,"[2064, 2064, 2048, 2048, 2048, 2048, 2048, 2048]","[2048, 2048, 2048, 2048, 2048, 2048, 2048, 2048, 2048, 2048]","[2048, 2048, 2048, 2048, 2048, 0, 0]",301.0
1207,9064,11,5,2023-04-28T13:24:11.223000+00:00,,48.554,,175.0,135.0,True,,"[2064, 2064, 2048, 2048, 2048, 2048, 2048, 2048]","[2048, 2048, 2048, 2048, 2048, 2048, 2048, 2048, 2048, 2048]","[2048, 2048, 2048, 2048, 2048, 0, 0]",302.0
1207,9064,44,6,2023-04-28T13:24:15.286000+00:00,,48.941,,186.0,151.0,True,,"[2064, 2064, 2048, 2048, 2048, 2048, 2048, 2048]","[2048, 2048, 2048, 2048, 2048, 2048, 2048, 2048, 2048, 2048]","[2048, 2048, 2048, 2048, 2048, 0, 0]",298.0
1207,9064,10,5,2023-04-28T13:24:17.692000+00:00,,47.656,,178.0,206.0,True,,"[2064, 2064, 2048, 2048, 2048, 2048, 2048, 2048]","[2048, 2048, 2048, 2048, 2048, 2048, 2048, 2048, 2048, 2048]","[2048, 2048, 2048, 2048, 2048, 0, 0]",295.0
1207,9064,31,5,2023-04-28T13:24:19.145000+00:00,,49.314,,173.0,99.0,True,,"[2064, 2064, 2048, 2048, 2048, 2048, 2048, 2048]","[2048, 2048, 2048, 2048, 2048, 2048, 2048, 2048, 2048, 2048]","[2048, 2048, 2048, 2048, 2048, 0, 0]",295.0
1207,9064,63,5,2023-04-28T13:24:20.457000+00:00,,49.32,,180.0,113.0,True,,"[2064, 2064, 2048, 2048, 2048, 2048, 2048, 2048]","[2048, 2048, 2048, 2048, 2048, 2048, 2048, 2048, 2048, 2048]","[2048, 2048, 2048, 2048, 2048, 0, 0]",289.0
1207,9064,18,5,2023-04-28T13:24:23.707000+00:00,,46.48,,199.0,110.0,True,,"[2064, 2064, 2048, 2048, 2048, 2048, 2048, 2048]","[2048, 2048, 2048, 2048, 2048, 2048, 2048, 2048, 2048, 2048]","[2048, 2048, 2048, 2048, 2048, 0, 0]",313.0
1207,9064,77,5,2023-04-28T13:24:25.567000+00:00,,50.845,,190.0,152.0,True,,"[2064, 2064, 2048, 2048, 2048, 2048, 2048, 2048]","[2048, 2048, 2048, 2048, 2048, 2048, 2048, 2048, 2048, 2048]","[2048, 2048, 2048, 2048, 2048, 0, 0]",301.0
1207,9064,24,5,2023-04-28T13:24:27.489000+00:00,,49.735,,176.0,140.0,True,,"[2064, 2064, 2048, 2048, 2048, 2048, 2048, 2048]","[2048, 2048, 2048, 2048, 2048, 2048, 2048, 2048, 2048, 2048]","[2048, 2048, 2048, 2048, 2048, 0, 0]",300.0
1207,9064,55,5,2023-04-28T13:24:33.863000+00:00,,51.305,,194.0,179.0,True,,"[2064, 2064, 2048, 2048, 2048, 2048, 2048, 2048]","[2048, 2048, 2048, 2048, 2048, 2048, 2048, 2048, 2048, 2048]","[2048, 2048, 2048, 2048, 2048, 0, 0]",296.0
1207,9064,20,6,2023-04-28T13:24:37.192000+00:00,,53.042,,176.0,192.0,True,,"[2064, 2064, 2048, 2048, 2048, 2048, 2048, 2048]","[2048, 2048, 2048, 2048, 2048, 2048, 2048, 2048, 2048, 2048]","[2048, 2048, 2048, 2048, 2048, 0, 0]",304.0
1207,9064,81,5,2023-04-28T13:24:41.504000+00:00,,52.836,,187.0,138.0,True,,"[2064, 2064, 2048, 2048, 2048, 2048, 2048, 2048]","[2048, 2048, 2048, 2048, 2048, 2048, 2048, 2048, 2048, 2048]","[2048, 2048, 2048, 2048, 2048, 0, 0]",296.0
1207,9064,4,5,2023-04-28T13:24:51.254000+00:00,,51.598,,205.0,194.0,True,,"[2064, 2064, 2048, 2048, 2048, 2048, 2048, 2048]","[2048, 2048, 2048, 2048, 2048, 2048, 2048, 2048, 2048, 2048]","[2048, 2048, 2048, 2048, 2048, 0, 0]",296.0
1207,9064,16,5,2023-04-28T13:25:17.347000+00:00,,47.246,,189.0,199.0,True,,"[2064, 2064, 2048, 2048, 2048, 2048, 2048, 2048]","[2048, 2048, 2048, 2048, 2048, 2048, 2048, 2048, 2048, 2048]","[0, 0, 0, 0, 0, 0, 0]",
1207,9064,14,5,2023-04-28T13:25:20.285000+00:00,,,,188.0,,True,,"[2064, 2064, 2048, 2048, 2048, 2048, 2048, 2048]","[0, 0, 0, 0, 0, 0, 0, 0, 0, 0]","[0, 0, 0, 0, 0, 0, 0]",
1207,9064,1,5,2023-04-28T13:25:32.222000+00:00,,,,195.0,,True,,"[2064, 2064, 2048, 2048, 2048, 2048, 2048, 0]","[0, 0, 0, 0, 0, 0, 0, 0, 0, 0]","[0, 0, 0, 0, 0, 0, 0]",
1207,9064,23,6,2023-04-28T13:25:58.488000+00:00,36.34,,26.591,213.0,,False,,"[2048, 2049, 2049, 2048, 2048, 2049, 2049, 0]","[0, 0, 0, 0, 0, 0, 0, 0, 0, 0]","[0, 0, 0, 0, 0, 0, 0]",
1207,9064,2,6,2023-04-28T13:26:02.003000+00:00,36.251,,26.266,212.0,,False,,"[2049, 2048, 2048, 2049, 2049, 2049, 2048, 2049]","[0, 0, 0, 0, 0, 0, 0, 0, 0, 0]","[0, 0, 0, 0, 0, 0, 0]",
1207,9064,11,6,2023-04-28T13:26:06.097000+00:00,36.214,,27.525,226.0,,False,,"[2048, 2048, 2048, 2051, 2049, 2051, 2049, 0]","[0, 0, 0, 0, 0, 0, 0, 0, 0, 0]","[0, 0, 0, 0, 0, 0, 0]",
1207,9064,44,7,2023-04-28T13:26:09.534000+00:00,36.264,,27.21,228.0,,False,,"[2049, 2051, 2048, 2048, 2049, 2048, 2048, 0]","[0, 0, 0, 0, 0, 0, 0, 0, 0, 0]","[0, 0, 0, 0, 0, 0, 0]",
1207,9064,10,6,2023-04-28T13:26:13.597000+00:00,,,26.778,,,False,,"[2048, 2049, 2049, 2049, 2049, 2048, 2052, 0]","[0, 0, 0, 0, 0, 0, 0, 0, 0, 0]","[0, 0, 0, 0, 0, 0, 0]",295.0
1207,9064,63,6,2023-04-28T13:26:17.285000+00:00,,,27.064,,,False,,"[2048, 0, 0, 0, 0, 0, 0, 0]","[0, 0, 0, 0, 0, 0, 0, 0, 0, 0]","[0, 0, 0, 0, 0, 0, 0]",
1207,9064,31,6,2023-04-28T13:26:20.284000+00:00,,,28.733,,,False,,"[2049, 0, 0, 0, 0, 0, 0, 0]","[0, 0, 0, 0, 0, 0, 0, 0, 0, 0]","[0, 0, 0, 0, 0, 0, 0]",
1207,9064,18,6,2023-04-28T13:26:20.597000+00:00,,,28.406,,,False,,"[2048, 0, 0, 0, 0, 0, 0, 0]","[0, 0, 0, 0, 0, 0, 0, 0, 0, 0]","[0, 0, 0, 0, 0, 0, 0]",
1207,9064,77,6,2023-04-28T13:26:24.847000+00:00,,,27.013,,,False,,"[2049, 0, 0, 0, 0, 0, 0, 0]","[0, 0, 0, 0, 0, 0, 0, 0, 0, 0]","[0, 0, 0, 0, 0, 0, 0]",
1207,9064,24,6,2023-04-28T13:26:28.347000+00:00,,,27.029,,,False,,"[2048, 0, 0, 0, 0, 0, 0, 0]","[0, 0, 0, 0, 0, 0, 0, 0, 0, 0]","[0, 0, 0, 0, 0, 0, 0]",
1207,9064,55,6,2023-04-28T13:26:34.143000+00:00,,,26.857,,,False,,"[2049, 0, 0, 0, 0, 0, 0, 0]","[0, 0, 0, 0, 0, 0, 0, 0, 0, 0]","[0, 0, 0, 0, 0, 0, 0]",
1207,9064,20,7,2023-04-28T13:26:38.128000+00:00,,,26.164,,,False,,"[2049, 0, 0, 0, 0, 0, 0, 0]","[0, 0, 0, 0, 0, 0, 0, 0, 0, 0]","[0, 0, 0, 0, 0, 0, 0]",
1207,9064,81,6,2023-04-28T13:26:42.956000+00:00,,,26.675,,,False,,"[2048, 0, 0, 0, 0, 0, 0, 0]","[0, 0, 0, 0, 0, 0, 0, 0, 0, 0]","[0, 0, 0, 0, 0, 0, 0]",
1207,9064,23,7,2023-04-28T13:37:04.261000+00:00,,47.558,,172.0,193.0,True,,"[2064, 2064, 2048, 2048, 2048, 2048, 2048, 2048]","[2048, 2048, 2048, 2048, 2048, 2048, 2048, 2048, 2048, 2048]","[2048, 2048, 2048, 2048, 2048, 0, 0]",296.0
1207,9064,2,7,2023-04-28T13:37:05.855000+00:00,,49.23,,184.0,204.0,True,,"[2064, 2064, 2048, 2048, 2048, 2048, 2048, 2048]","[2048, 2048, 2048, 2048, 2048, 2048, 2048, 2048, 2048, 2048]","[2048, 2048, 2048, 2048, 2048, 0, 0]",295.0
1207,9064,11,7,2023-04-28T13:37:12.058000+00:00,,49.338,,181.0,200.0,True,,"[2064, 2064, 2048, 2048, 2048, 2048, 2048, 2048]","[2048, 2048, 2048, 2048, 2049, 2048, 2048, 2048, 2048, 2048]","[2048, 2048, 2048, 2048, 2048, 0, 0]",303.0
1207,9064,44,8,2023-04-28T13:37:17.199000+00:00,,47.389,,186.0,130.0,True,,"[2064, 2064, 2048, 2048, 2048, 2048, 2048, 2048]","[2048, 2048, 2048, 2048, 2048, 2048, 2048, 2048, 2048, 2048]","[2048, 2048, 2048, 2048, 2048, 0, 0]",297.0
1207,9064,1,6,2023-04-28T13:37:23.558000+00:00,,47.05,,190.0,220.0,True,,"[None, 2064, 2048, 2048, 2048, 2048, 2048, 2048]","[2048, 2048, 2048, 2048, 2048, 2048, 2048, 2048, 2048, 2048]","[2048, 2048, 2048, 2048, 2048, 0, 0]",303.0
1207,9064,63,7,2023-04-28T13:37:24.870000+00:00,,47.666,,154.0,152.0,True,,"[2064, 2064, 2048, 2048, 2048, 2048, 2048, 2048]","[2048, 2048, 2048, 2048, 2048, 2048, 2048, 2048, 2048, 2048]","[2048, 2048, 2048, 2048, 2048, 0, 0]",290.0
1207,9064,31,7,2023-04-28T13:37:25.839000+00:00,,50.345,,180.0,192.0,True,,"[2064, 2064, 2048, 2048, 2048, 2048, 2048, 2048]","[2048, 2048, 2048, 2048, 2048, 2048, 2048, 2048, 2048, 2048]","[2048, 2048, 2048, 2048, 2048, 0, 0]",297.0
1207,9064,22,5,2023-04-28T13:37:29.417000+00:00,,48.968,,176.0,199.0,True,,"[2064, 2064, 2048, 2048, 2048, 2049, 2048, 2048]","[2048, 2048, 2048, 2048, 2048, 2048, 2048, 2048, 2048, 2048]","[2048, 2048, 2048, 2048, 2048, 0, 0]",298.0
1207,9064,27,6,2023-04-28T13:37:34.808000+00:00,,53.664,,176.0,179.0,True,,"[2064, 2064, 2048, 2048, 2048, 2048, 2048, 2048]","[2048, 2048, 2048, 2048, 2048, 2048, 2048, 2048, 2048, 2048]","[2048, 2048, 2048, 2048, 2048, 0, 0]",306.0
1207,9064,55,7,2023-04-28T13:37:36.964000+00:00,,49.841,,184.0,140.0,True,,"[2064, 2064, 2048, 2048, 2048, 2048, 2048, 2048]","[2048, 2048, 2048, 2048, 2048, 2048, 2048, 2048, 2048, 2048]","[2048, 2048, 2048, 2048, 2048, 0, 0]",299.0
1207,9064,4,6,2023-04-28T13:37:45.105000+00:00,,52.353,,195.0,78.0,True,,"[2064, 2064, 2048, 2048, 2048, 2048, 2048, 2048]","[2048, 2048, 2048, 2048, 2048, 2048, 2048, 2048, 2048, 2048]","[2048, 2048, 2048, 2048, 2048, 0, 0]",296.0
1207,9064,18,7,2023-04-28T13:37:52.308000+00:00,,52.911,,189.0,164.0,True,,"[2064, 2064, 2048, 2048, 2048, 2048, 2048, 2048]","[2048, 2048, 2048, 2048, 2048, 2048, 2048, 2048, 2048, 2048]","[2048, 2048, 2048, 2048, 2048, 0, 0]",302.0
1207,9064,77,7,2023-04-28T13:37:54.198000+00:00,,55.914,,185.0,158.0,True,,"[2064, 2064, 2048, 2048, 2048, 2048, 2048, 2048]","[2048, 2048, 2048, 2048, 2048, 2048, 2048, 2048, 2048, 2048]","[2048, 2048, 2048, 2048, 2048, 0, 0]",301.0
1207,9064,24,7,2023-04-28T13:37:56.417000+00:00,,55.663,,169.0,127.0,True,,"[2064, 2064, 2048, 2048, 2048, 2048, 2048, 2048]","[2048, 2048, 2048, 2048, 2048, 2048, 2048, 2048, 2048, 2048]","[2048, 2048, 2048, 2048, 2048, 0, 0]",302.0
1207,9064,81,7,2023-04-28T13:37:58.464000+00:00,,58.662,,189.0,107.0,True,,"[2064, 2064, 2048, 2048, 2048, 2048, 2048, 2048]","[2048, 2048, 2048, 2048, 2048, 2048, 2048, 2048, 2048, 2048]","[2048, 2048, 2048, 2048, 2048, 0, 0]",296.0
1207,9064,20,8,2023-04-28T13:38:01.542000+00:00,,58.563,,179.0,161.0,True,,"[2064, 2064, 2048, 2048, 2048, 2048, 2048, 2048]","[2048, 2048, 2048, 2048, 2048, 2048, 2048, 2048, 2048, 2048]","[2048, 2048, 2048, 2048, 2048, 0, 0]",302.0
1207,9064,16,6,2023-04-28T13:38:13.964000+00:00,,59.212,,169.0,192.0,True,,"[None, 2064, 2048, 2048, 2048, 2048, 2048, 2048]","[2048, 2048, 2048, 2048, 2048, 2048, 2048, 2048, 2048, 2048]","[2048, 2048, 2048, 2048, 2048, 0, 0]",304.0
1207,9064,14,6,2023-04-28T13:38:14.839000+00:00,,54.181,,177.0,123.0,True,,"[None, 2064, 2048, 2048, 2048, 2048, 2048, 2048]","[2048, 2048, 2048, 2048, 2048, 2048, 2048, 2048, 2048, 2048]","[2048, 2048, 2048, 2048, 2048, 0, 0]",300.0
1207,9064,23,8,2023-04-28T13:38:57.354000+00:00,36.102,41.041,25.028,222.0,236.0,False,103.634,"[2048, 2049, 2049, 2049, 2048, 2048, 2049, 2049]","[2049, 2049, 2049, 2049, 2049, 2049, 2048, 2048, 2049, 2049]","[2049, 2049, 2048, 2048, 2048, 2048, 2048]",315.0
1207,9064,2,8,2023-04-28T13:39:01.338000+00:00,36.323,41.648,24.907,212.0,227.0,False,104.676,"[2048, 2049, 2048, 2049, 2048, 2048, 2049, 2049]","[2049, 2049, 2049, 2049, 2048, 2048, 2048, 2048, 2049, 2049]","[2048, 2049, 2049, 2049, 2049, 2049, 0]",319.0
1207,9064,11,8,2023-04-28T13:39:07.041000+00:00,35.922,41.03,24.804,224.0,239.0,False,103.278,"[2048, 2049, 2048, 2051, 2049, 2048, 2049, 2049]","[2048, 2049, 2049, 2049, 2049, 2051, 2049, 2049, 2049, 2048]","[2049, 2049, 2049, 2049, 2049, 2049, 0]",319.0
1207,9064,44,9,2023-04-28T13:39:10.369000+00:00,35.922,41.179,25.012,229.0,240.0,False,104.175,"[2048, 2051, 2049, 2049, 2049, 2049, 2049, 2049]","[2049, 2049, 2049, 2049, 2049, 2048, 2049, 2049, 2048, 2049]","[2048, 2049, 2049, 2049, 2049, 2049, 0]",313.0
1207,9064,1,7,2023-04-28T13:39:19.119000+00:00,35.752,40.891,24.755,228.0,238.0,False,102.571,"[2049, 2049, 2048, 2049, 2048, 2049, 2049, 2049]","[2049, 2048, 2049, 2049, 2049, 2049, 2048, 2049, 2051, 2048]","[2048, 2049, 2049, 2049, 2049, 2049, 0]",318.0
1207,9064,63,8,2023-04-28T13:39:23.338000+00:00,36.22,41.314,25.004,213.0,240.0,False,104.492,"[2048, 2049, 2049, 2049, 2048, 2049, 2049, 2049]","[2049, 2049, 2049, 2049, 2049, 2049, 2048, 2048, 2048, 2049]","[2049, 2049, 2048, 2048, 2049, 2049, 2049]",313.0
1207,9064,31,8,2023-04-28T13:39:28.213000+00:00,36.097,41.492,25.033,225.0,229.0,False,104.019,"[2051, 2049, 2049, 2048, 2049, 2049, 2049, 2049]","[2049, 2049, 2049, 2048, 2049, 2049, 2049, 2049, 2049, 2049]","[2048, 2049, 2049, 2049, 2049, 2049, 2049]",316.0
1207,9064,22,6,2023-04-28T13:39:34.338000+00:00,36.115,41.198,25.41,228.0,243.0,False,103.862,"[2048, 2049, 2049, 2049, 2048, 2049, 2049, 2049]","[2049, 2049, 2049, 2049, 2048, 2049, 2048, 2048, 2049, 2049]","[2048, 2048, 2049, 2048, 2048, 2048, 0]",314.0
1207,9064,55,8,2023-04-28T13:39:39.744000+00:00,36.084,41.665,24.865,231.0,235.0,False,104.698,"[2048, 2048, 2049, 2048, 2049, 2048, 2049, 2051]","[2048, 2048, 2051, 2049, 2049, 2048, 2048, 2049, 2049, 2049]","[2049, 2051, 2048, 2048, 2048, 2048, 0]",317.0
1207,9064,27,7,2023-04-28T13:39:44.603000+00:00,36.249,41.312,25.23,235.0,230.0,False,104.131,"[2049, 2048, 2049, 2049, 2049, 2048, 2049, 2049]","[2048, 2048, 2049, 2048, 2051, 2049, 2049, 2049, 2049, 2049]","[2048, 2048, 2048, 2049, 2049, 2049, 2049]",319.0
1207,9064,4,7,2023-04-28T13:39:49.509000+00:00,35.797,41.248,25.109,226.0,247.0,False,104.702,"[2048, 2049, 2049, 2049, 2048, 2049, 2051, 2049]","[2048, 2048, 2049, 2049, 2049, 2049, 2048, 2049, 2049, 2049]","[2049, 2048, 2048, 2048, 2048, 2048, 0]",313.0
1207,9064,18,8,2023-04-28T13:39:54.587000+00:00,36.241,41.358,24.925,223.0,244.0,False,105.155,"[2048, 2049, 2048, 2049, 2048, 2049, 2049, 2048]","[2048, 2048, 2049, 2049, 2049, 2049, 2048, 2049, 2049, 2049]","[2049, 2048, 2048, 2048, 2048, 2048, 0]",318.0
1207,9064,77,8,2023-04-28T13:39:58.869000+00:00,36.076,41.727,25.155,233.0,230.0,False,104.172,"[2049, 2048, 2049, 2049, 2049, 2051, 2048, 2049]","[2048, 2048, 2049, 2049, 2049, 2049, 2048, 2049, 2048, 2049]","[2048, 2048, 2049, 2049, 2048, 2049, 0]",314.0
1207,9064,24,8,2023-04-28T13:40:01.915000+00:00,36.111,41.647,25.227,227.0,242.0,False,104.42,"[2048, 2049, 2049, 2049, 2049, 2049, 2049, 2049]","[2049, 2049, 2049, 2049, 2049, 2048, 2049, 2049, 2048, 2049]","[2048, 2048, 2048, 2048, 2048, 2048, 0]",316.0
1207,9064,81,8,2023-04-28T13:40:05.900000+00:00,36.068,41.492,25.219,226.0,243.0,False,104.142,"[2048, 2049, 2048, 2049, 2048, 2049, 2049, 2049]","[2048, 2048, 2049, 2048, 2049, 2048, 2048, 2049, 2049, 2049]","[2048, 2049, 2049, 2049, 2049, 2049, 2049]",314.0
1207,9064,20,9,2023-04-28T13:40:10.853000+00:00,40.743,61.635,42.743,46.0,150.0,False,128.599,"[2048, 2049, 2049, 2048, 2048, 2049, 2048, 2048]","[2048, 2048, 2048, 2048, 2048, 2048, 2048, 2048, 2048, 2048]","[2048, 2048, 2048, 2048, 2048, 2048, 2064]",194.0
1207,9064,14,7,2023-04-28T13:40:17.197000+00:00,36.152,41.276,25.057,227.0,246.0,False,106.903,"[2049, 2049, 2049, 2049, 2049, 2049, 2048, 2048]","[2049, 2049, 2048, 2048, 2049, 2049, 2048, 2049, 2049, 2049]","[2049, 2048, 2048, 2048, 2048, 2048, 0]",314.0
1207,9064,16,7,2023-04-28T13:40:22.353000+00:00,35.892,41.097,24.849,233.0,232.0,False,103.146,"[2048, 2048, 2048, 2049, 2048, 2049, 2048, 2049]","[2048, 2051, 2049, 2049, 2048, 2048, 2048, 2051, 2048, 2048]","[2049, 2049, 2049, 2048, 2048, 2048, 2049]",318.0
1207,9064,23,9,2023-04-28T13:40:39.478000+00:00,48.772,56.829,,141.0,195.0,False,,"[None, 2048, 2048, 2048, 2048, 2048, 2048, 2048]","[2048, 2048, 2048, 2048, 2048, 2048, 2048, 2048, 2048, 2048]","[2048, 2048, 2048, 2048, 2048, 0, 0]",298.0
1207,9064,2,9,2023-04-28T13:40:44.181000+00:00,46.992,57.627,,119.0,162.0,False,,"[None, 2048, 2048, 2048, 2048, 2048, 2048, 2048]","[2048, 2048, 2048, 2048, 2048, 2048, 2048, 2048, 2048, 2048]","[2048, 2048, 2048, 2048, 2048, 0, 0]",303.0
1207,9064,11,9,2023-04-28T13:40:48.337000+00:00,49.575,58.957,,143.0,209.0,False,,"[None, 2048, 2048, 2048, 2048, 2048, 2048, 2048]","[2048, 2048, 2048, 2048, 2048, 2048, 2048, 2048, 2048, 2048]","[2048, 2048, 2048, 2048, 2048, 0, 0]",304.0
1207,9064,44,10,2023-04-28T13:40:52.446000+00:00,47.533,60.037,,156.0,135.0,False,,"[None, 2048, 2048, 2048, 2048, 2048, 2048, 2048]","[2048, 2048, 2048, 2048, 2048, 2048, 2048, 2048, 2048, 2048]","[2048, 2048, 2048, 2048, 2048, 0, 0]",298.0
1207,9064,1,8,2023-04-28T13:41:00.540000+00:00,47.24,58.921,33.54,145.0,175.0,False,139.701,"[2048, 2048, 2048, 2048, 2048, 2048, 2048, 2048]","[2048, 2048, 2048, 2048, 2048, 2048, 2048, 2048, 2048, 2048]","[2048, 2048, 2048, 2048, 2048, 2048, 2064]",291.0
1207,9064,63,9,2023-04-28T13:41:05.837000+00:00,45.329,59.708,,126.0,188.0,False,,"[None, 2048, 2048, 2048, 2048, 2048, 2048, 2048]","[2048, 2048, 2048, 2048, 2048, 2048, 2048, 2048, 2048, 2048]","[2048, 2048, 2048, 2048, 2048, 0, 0]",294.0
1207,9064,31,9,2023-04-28T13:41:10.962000+00:00,44.742,61.069,,148.0,189.0,False,,"[2048, 2048, 2048, 2048, 2048, 2048, 2048, 2048]","[2048, 2048, 2048, 2048, 2048, 2048, 2048, 2048, 2048, 2048]","[2048, 2048, 2048, 2048, 2048, 0, 0]",290.0
1207,9064,22,7,2023-04-28T13:41:17.055000+00:00,50.087,55.921,,158.0,189.0,False,,"[None, 2048, 2048, 2048, 2048, 2048, 2048, 2048]","[2048, 2048, 2048, 2048, 2048, 2048, 2048, 2048, 2048, 2048]","[2048, 2048, 2048, 2048, 2048, 0, 0]",300.0
1207,9064,55,9,2023-04-28T13:41:22.336000+00:00,49.653,62.518,,113.0,168.0,False,,"[None, 2048, 2048, 2048, 2048, 2048, 2048, 2048]","[2048, 2048, 2048, 2048, 2048, 2048, 2048, 2048, 2048, 2048]","[2048, 2048, 2048, 2048, 2048, 0, 0]",295.0
1207,9064,27,8,2023-04-28T13:41:27.352000+00:00,46.399,66.091,,124.0,179.0,False,,"[2048, 2048, 2048, 2048, 2048, 2048, 2048, 2048]","[2048, 2048, 2048, 2048, 2048, 2048, 2048, 2048, 2048, 2048]","[2048, 2048, 2048, 2048, 2048, 0, 0]",305.0
1207,9064,4,8,2023-04-28T13:41:31.680000+00:00,50.007,67.929,,145.0,71.0,False,,"[None, 2048, 2048, 2048, 2048, 2048, 2048, 2048]","[2048, 2048, 2048, 2048, 2048, 2048, 2048, 2048, 2048, 2048]","[2048, 2048, 2048, 2048, 2048, 0, 0]",296.0
1207,9064,18,9,2023-04-28T13:41:37.071000+00:00,44.767,63.28,,169.0,150.0,False,,"[None, 2048, 2048, 2048, 2048, 2048, 2048, 2048]","[2048, 2048, 2048, 2048, 2048, 2048, 2048, 2048, 2048, 2048]","[2048, 2048, 2048, 2048, 2048, 0, 0]",303.0
1207,9064,77,9,2023-04-28T13:41:41.789000+00:00,45.394,67.663,,163.0,175.0,False,,"[2048, 2048, 2048, 2048, 2048, 2048, 2048, 2048]","[2048, 2048, 2048, 2048, 2048, 2048, 2048, 2048, 2048, 2048]","[2048, 2048, 2048, 2048, 2048, 0, 0]",301.0
1207,9064,24,9,2023-04-28T13:41:44.867000+00:00,46.005,66.678,,175.0,132.0,False,,"[None, 2048, 2048, 2048, 2048, 2048, 2048, 2048]","[2048, 2048, 2048, 2048, 2048, 2048, 2048, 2048, 2048, 2048]","[2048, 2048, 2048, 2048, 2048, 0, 0]",303.0
1207,9064,81,9,2023-04-28T13:41:48.961000+00:00,45.967,66.788,,175.0,131.0,False,,"[None, 2048, 2048, 2048, 2048, 2048, 2048, 2048]","[2048, 2048, 2048, 2048, 2048, 2048, 2048, 2048, 2048, 2048]","[2048, 2048, 2048, 2048, 2048, 0, 0]",297.0
1207,9064,14,8,2023-04-28T13:41:59.633000+00:00,46.917,57.743,,168.0,107.0,False,,"[2048, 2048, 2048, 2048, 2048, 2048, 2048, 2048]","[2048, 2048, 2048, 2048, 2048, 2048, 2048, 2048, 2048, 2048]","[2048, 2048, 2048, 2048, 2048, 0, 0]",304.0
1207,9064,16,8,2023-04-28T13:42:04.320000+00:00,53.663,56.059,,139.0,69.0,False,,"[None, 2048, 2048, 2048, 2048, 2048, 2048, 2048]","[2048, 2048, 2048, 2048, 2048, 2048, 2048, 2048, 2048, 2048]","[2048, 2048, 2048, 2048, 2048, 0, 0]",304.0
1207,9064,23,10,2023-04-28T13:42:51.882000+00:00,35.935,41.26,26.477,214.0,242.0,False,103.672,"[None, 2048, 2049, 2049, 2048, 2049, 2048, 2048]","[2048, 2048, 2049, 2048, 2048, 2048, 2048, 2048, 2048, 2049]","[2048, 2048, 2048, 2048, 2048, 0, 0]",317.0
1207,9064,2,10,2023-04-28T13:42:55.351000+00:00,35.885,41.532,24.825,215.0,228.0,False,103.951,"[None, 2049, 2049, 2049, 2049, 2049, 2049, 2049]","[2048, 2048, 2049, 2048, 2048, 2049, 2048, 2049, 2049, 2048]","[2048, 2049, 2049, 2051, 2049, 2049, 0]",320.0
1207,9064,11,10,2023-04-28T13:43:03.085000+00:00,35.747,40.646,35.52,227.0,242.0,False,102.478,"[None, 2048, 2049, 2049, 2049, 2049, 2049, 2049]","[2051, 2049, 2051, 2051, 2048, 2048, 2049, 2049, 2051, 2049]","[2048, 2048, 2048, 2048, 2048, 2048, 2064]",262.0
1207,9064,44,11,2023-04-28T13:43:06.616000+00:00,35.97,40.894,33.024,222.0,247.0,False,103.433,"[None, 2048, 2049, 2049, 2048, 2049, 2049, 2048]","[2049, 2049, 2049, 2049, 2049, 2049, 2049, 2049, 2049, 2049]","[2048, 2048, 2048, 2048, 2048, 2048, 2064]",309.0
1207,9064,63,10,2023-04-28T13:43:17.554000+00:00,35.887,41.096,25.09,223.0,244.0,False,103.622,"[2049, 2049, 2049, 2049, 2049, 2049, 2049, 2049]","[2049, 2048, 2049, 2048, 2048, 2048, 2048, 2049, 2048, 2051]","[2048, 2048, 2048, 2048, 2048, 2048, 2048]",312.0
1207,9064,31,10,2023-04-28T13:43:23.398000+00:00,36.136,41.524,26.773,221.0,237.0,False,104.433,"[None, 2048, 2049, 2049, 2048, 2048, 2049, 2048]","[2048, 2049, 2049, 2048, 2049, 2048, 2048, 2049, 2048, 2049]","[2048, 2048, 2048, 2048, 2048, 0, 0]",316.0
1207,9064,22,8,2023-04-28T13:43:29.491000+00:00,36.113,41.023,25.098,220.0,236.0,False,103.561,"[None, 2049, 2049, 2049, 2048, 2049, 2048, 2048]","[2049, 2049, 2048, 2049, 2049, 2049, 2049, 2049, 2049, 2048]","[2049, 2048, 2049, 2048, 2048, 2049, 0]",316.0
1207,9064,55,10,2023-04-28T13:43:42.257000+00:00,36.055,41.156,24.986,222.0,234.0,False,104.921,"[None, 2049, 2048, 2049, 2048, 2049, 2049, 2048]","[2049, 2049, 2048, 2049, 2049, 2048, 2048, 2049, 2048, 2048]","[2048, 2048, 2048, 2048, 2048, 2048, 0]",316.0
1207,9064,27,9,2023-04-28T13:43:46.866000+00:00,36.636,41.152,24.967,221.0,223.0,False,104.736,"[2049, 2048, 2048, 2048, 2048, 2048, 2048, 2048]","[2049, 2049, 2049, 2049, 2048, 2048, 2049, 2049, 2048, 2048]","[2048, 2049, 2049, 2049, 2049, 2048, 0]",319.0
1207,9064,18,10,2023-04-28T13:43:52.647000+00:00,36.037,41.339,27.427,222.0,242.0,False,104.803,"[2049, 2049, 2048, 2051, 2048, 2048, 2048, 2049]","[2049, 2049, 2049, 2048, 2048, 2048, 2048, 2049, 2048, 2048]","[2048, 2048, 2048, 2048, 2048, 0, 0]",318.0
1207,9064,4,9,2023-04-28T13:43:56.788000+00:00,35.922,41.002,33.938,218.0,237.0,False,104.125,"[None, 2048, 2048, 2048, 2048, 2048, 2048, 2048]","[2048, 2049, 2049, 2048, 2049, 2048, 2049, 2048, 2051, 2048]","[2048, 2048, 2048, 2048, 2048, 2048, 2064]",287.0
1207,9064,77,10,2023-04-28T13:44:01.397000+00:00,36.069,41.333,25.18,224.0,226.0,False,103.903,"[None, 2049, 2049, 2049, 2049, 2048, 2048, 2048]","[2049, 2049, 2049, 2049, 2048, 2048, 2048, 2049, 2049, 2048]","[2048, 2049, 2049, 2049, 2048, 2048, 2048]",314.0
1207,9064,24,10,2023-04-28T13:44:04.225000+00:00,36.052,41.578,25.012,218.0,233.0,False,104.277,"[2049, 2049, 2048, 2049, 2048, 2049, 2048, 2048]","[2048, 2048, 2049, 2049, 2048, 2049, 2049, 2049, 2048, 2048]","[2049, 2049, 2049, 2049, 2048, 2048, 0]",316.0
1207,9064,81,10,2023-04-28T13:44:08.022000+00:00,35.869,41.521,25.065,221.0,236.0,False,103.965,"[None, 2049, 2049, 2048, 2048, 2048, 2048, 2048]","[2048, 2049, 2048, 2048, 2048, 2048, 2048, 2049, 2048, 2048]","[2048, 2049, 2049, 2049, 2049, 2049, 0]",314.0
1207,9064,14,9,2023-04-28T13:44:12.866000+00:00,35.776,41.125,24.819,225.0,242.0,False,105.343,"[2049, 2048, 2049, 2049, 2048, 2049, 2049, 2049]","[2049, 2049, 2049, 2048, 2049, 2051, 2051, 2048, 2048, 2048]","[2048, 2048, 2049, 2049, 2049, 2049, 2048]",321.0
1207,9064,16,9,2023-04-28T13:44:21.787000+00:00,35.502,40.891,24.876,232.0,243.0,False,103.995,"[2049, 2048, 2048, 2049, 2049, 2051, 2049, 2051]","[2049, 2048, 2049, 2048, 2049, 2048, 2048, 2051, 2049, 2048]","[2049, 2048, 2048, 2048, 2048, 2048, 0]",317.0
1207,9064,23,11,2023-04-28T13:44:33.819000+00:00,42.532,49.667,35.866,170.0,192.0,False,117.201,"[None, 2048, 2048, 2048, 2048, 2048, 2048, 2048]","[2048, 2048, 2048, 2048, 2048, 2048, 2048, 2048, 2048, 2048]","[2048, 2048, 2048, 2048, 2048, 2048, 2064]",172.0
1207,9064,2,11,2023-04-28T13:44:37.553000+00:00,42.933,49.104,38.791,178.0,187.0,False,130.828,"[None, 2048, 2048, 2048, 2048, 2048, 2048, 2048]","[2048, 2048, 2048, 2048, 2048, 2048, 2048, 2048, 2048, 2048]","[2048, 2048, 2048, 2048, 2048, 2048, 2064]",299.0
1207,9064,63,11,2023-04-28T13:44:59.600000+00:00,43.202,49.055,34.31,174.0,186.0,False,126.567,"[2048, 2048, 2048, 2048, 2048, 2048, 2048, 2048]","[2048, 2048, 2048, 2048, 2048, 2048, 2048, 2048, 2048, 2048]","[2048, 2048, 2048, 2048, 2048, 2048, 2064]",277.0
1207,9064,31,11,2023-04-28T13:45:06.287000+00:00,47.344,54.217,38.4,151.0,158.0,False,126.772,"[None, 2048, 2048, 2048, 2048, 2048, 2048, 2048]","[2048, 2048, 2048, 2048, 2048, 2048, 2048, 2048, 2048, 2048]","[2048, 2048, 2048, 2048, 2048, 2048, 2064]",228.0
1207,9064,22,9,2023-04-28T13:45:11.693000+00:00,47.681,56.118,36.361,131.0,183.0,False,140.16,"[None, 2048, 2048, 2048, 2048, 2048, 2048, 2048]","[2048, 2048, 2048, 2048, 2048, 2048, 2048, 2048, 2048, 2048]","[2048, 2048, 2048, 2048, 2048, 2048, 2064]",280.0
1207,9064,55,11,2023-04-28T13:45:24.396000+00:00,44.031,52.727,36.788,173.0,151.0,False,133.546,"[None, 2048, 2048, 2048, 2048, 2048, 2048, 2048]","[2048, 2048, 2048, 2048, 2048, 2048, 2048, 2048, 2048, 2048]","[2048, 2048, 2048, 2048, 2048, 2048, 2064]",277.0
1207,9064,27,10,2023-04-28T13:45:29.568000+00:00,45.735,47.578,36.887,168.0,162.0,False,130.2,"[2048, 2048, 2048, 2048, 2048, 2048, 2048, 2048]","[2048, 2048, 2048, 2048, 2048, 2048, 2048, 2048, 2048, 2048]","[2048, 2048, 2048, 2048, 2048, 2048, 2064]",255.0
1207,9064,18,11,2023-04-28T13:45:35.349000+00:00,43.379,48.062,34.873,135.0,203.0,False,116.83,"[2048, 2048, 2048, 2048, 2048, 2048, 2048, 2048]","[2048, 2048, 2048, 2048, 2048, 2048, 2048, 2048, 2048, 2048]","[2048, 2048, 2048, 2048, 2048, 2048, 2064]",307.0
1207,9064,77,11,2023-04-28T13:45:44.099000+00:00,43.13,59.805,40.261,191.0,130.0,False,143.196,"[None, 2048, 2048, 2048, 2048, 2048, 2048, 2048]","[2048, 2048, 2048, 2048, 2048, 2048, 2048, 2048, 2048, 2048]","[2048, 2048, 2048, 2048, 2048, 2048, 2064]",239.0
1207,9064,24,11,2023-04-28T13:45:46.849000+00:00,45.506,56.162,44.919,147.0,125.0,False,146.587,"[2048, 2048, 2048, 2048, 2048, 2048, 2048, 2048]","[2048, 2048, 2048, 2048, 2048, 2048, 2048, 2048, 2048, 2048]","[2048, 2048, 2048, 2048, 2048, 2048, 2064]",240.0
1207,9064,81,11,2023-04-28T13:45:50.427000+00:00,44.273,54.544,38.933,164.0,129.0,False,137.75,"[None, 2048, 2048, 2048, 2048, 2048, 2048, 2048]","[2048, 2048, 2048, 2048, 2048, 2048, 2048, 2048, 2048, 2048]","[2048, 2048, 2048, 2048, 2048, 2048, 2064]",259.0
1207,9064,14,10,2023-04-28T13:45:54.490000+00:00,44.593,51.324,40.296,161.0,142.0,False,136.213,"[2048, 2048, 2048, 2048, 2048, 2048, 2048, 2048]","[2048, 2048, 2048, 2048, 2048, 2048, 2048, 2048, 2048, 2048]","[2048, 2048, 2048, 2048, 2048, 2048, 2064]",274.0
1207,9064,16,10,2023-04-28T13:46:02.739000+00:00,44.444,50.869,40.181,172.0,178.0,False,135.494,"[2048, 2048, 2048, 2048, 2048, 2048, 2048, 2048]","[2048, 2048, 2048, 2048, 2048, 2048, 2048, 2048, 2048, 2048]","[2048, 2048, 2048, 2048, 2048, 2048, 2064]",195.0
1207,9064,23,12,2023-04-28T13:52:03.923000+00:00,,48.224,26.534,171.0,203.0,True,,"[2064, 2064, 2049, 2049, 2051, 2049, 2049, 2049]","[2049, 2049, 2049, 2049, 2049, 2051, 2049, 2051, 2051, 2051]","[2049, 2051, 2049, 2049, 2049, 2049]",296.0
1207,9064,2,12,2023-04-28T13:52:05.329000+00:00,,50.326,26.63,176.0,173.0,True,,"[2064, 2064, 2049, 2049, 2049, 2049, 2049, 2049]","[2049, 2049, 2049, 2049, 2049, 2049, 2051, 2049, 2049, 2049]","[2049, 2049, 2051, 2051, 2051, 2051]",302.0
1207,9064,14,11,2023-04-28T13:52:09.048000+00:00,,50.832,27.979,164.0,158.0,True,,"[2064, 2064, 2049, 2049, 2049, 2049, 2049, 2049]","[2049, 2049, 2049, 2049, 2049, 2049, 2049, 2049, 2049, 2049]","[2049, 2049, 2049, 2049, 2049, 2049, 2049]",300.0
1207,9064,18,12,2023-04-28T13:52:11.485000+00:00,,52.408,27.168,191.0,109.0,True,,"[2064, 2064, 2049, 2049, 2049, 2049, 2049, 2049]","[2051, 2051, 2049, 2049, 2049, 2049, 2049, 2049, 2049, 2049]","[2049, 2049, 2049, 2049, 2049, 2049]",302.0
1207,9064,31,12,2023-04-28T13:52:13.923000+00:00,,54.974,26.587,195.0,186.0,True,,"[2064, 2064, 2049, 2051, 2049, 2049, 2049, 2049]","[2049, 2049, 2049, 2049, 2049, 2049, 2049, 2049, 2049, 2049]","[2049, 2049, 2049, 2049, 2049, 2049]",296.0
1207,9064,63,12,2023-04-28T13:52:15.251000+00:00,,56.632,26.663,166.0,175.0,True,,"[2064, 2064, 2049, 2049, 2049, 2049, 2049, 2049]","[2049, 2049, 2049, 2049, 2049, 2049, 2049, 2049, 2049, 2049]","[2049, 2051, 2049, 2049, 2049, 2049]",291.0
1207,9064,77,12,2023-04-28T13:52:16.720000+00:00,,59.386,26.344,189.0,204.0,True,,"[2064, 2064, 2049, 2049, 2049, 2049, 2049, 2049]","[2049, 2049, 2049, 2049, 2049, 2049, 2049, 2049, 2049, 2049]","[2051, 2049, 2051, 2051, 2049, 2049]",301.0
1207,9064,44,12,2023-04-28T13:52:26.657000+00:00,,55.95,26.497,177.0,165.0,True,,"[2064, 2064, 2049, 2049, 2049, 2049, 2049, 2049]","[2049, 2049, 2049, 2049, 2049, 2049, 2049, 2049, 2049, 2049]","[2049, 2049, 2049, 2049, 2049, 2049]",298.0
1207,9064,22,10,2023-04-28T13:52:32.422000+00:00,,52.711,26.561,179.0,178.0,True,,"[2064, 2064, 2049, 2049, 2049, 2049, 2049, 2049]","[2049, 2049, 2049, 2049, 2049, 2049, 2049, 2049, 2049, 2049]","[2049, 2049, 2049, 2049, 2049, 2051]",298.0
1207,9064,81,12,2023-04-28T13:52:36.485000+00:00,,52.936,26.532,188.0,106.0,True,,"[2064, 2064, 2049, 2049, 2049, 2049, 2049, 2049]","[2049, 2049, 2049, 2049, 2049, 2049, 2049, 2049, 2049, 2049]","[2049, 2049, 2049, 2049, 2049, 2049, 2049]",297.0
1207,9064,11,11,2023-04-28T13:52:58.203000+00:00,,47.639,25.854,193.0,223.0,True,,"[2064, 2064, 2049, 2049, 2049, 2049, 2049, 2049]","[2049, 2049, 2049, 2049, 2049, 2049, 2049, 2049, 2049, 2049]","[2051, 2051, 2051, 2051, 2051, 2049, 2051]",304.0
1207,9064,1,9,2023-04-28T13:53:30.172000+00:00,,43.815,26.01,204.0,215.0,True,,"[2064, 2064, 2049, 2049, 2049, 2049, 2049, 2049]","[2049, 2049, 2049, 2049, 2049, 2049, 2049, 2049, 2049, 2049]","[2049, 2049, 2049, 2049, 2049, 2051]",303.0
1207,9064,23,13,2023-04-28T13:53:58.422000+00:00,36.0,41.182,25.021,225.0,231.0,False,102.203,"[2049, 2051, 2049, 2049, 2049, 2049, 2049, 2049]","[2049, 2049, 2049, 2049, 2049, 2049, 2049, 2051, 2049, 2049]","[2049, 2049, 2049, 2049, 2049, 2051, 0]",315.0
1207,9064,2,13,2023-04-28T13:54:01.750000+00:00,36.194,41.64,24.895,225.0,224.0,False,102.729,"[2049, 2049, 2049, 2049, 2049, 2049, 2049, 2049]","[2049, 2049, 2049, 2049, 2049, 2049, 2049, 2049, 2049, 2049]","[2049, 2049, 2049, 2051, 2051, 2051, 2051]",320.0
1207,9064,14,12,2023-04-28T13:54:06.953000+00:00,35.732,40.846,24.822,227.0,239.0,False,101.4,"[2049, 2049, 2049, 2049, 2049, 2049, 2051, 2051]","[2049, 2051, 2051, 2049, 2049, 2049, 2051, 2049, 2049, 2049]","[2051, 2051, 2051, 2049, 2049, 2049, 0]",318.0
1207,9064,18,13,2023-04-28T13:54:11.468000+00:00,36.045,41.212,24.944,223.0,238.0,False,102.201,"[2049, 2049, 2049, 2049, 2049, 2049, 2049, 2049]","[2049, 2049, 2049, 2049, 2049, 2051, 2049, 2049, 2049, 2051]","[2049, 2049, 2049, 2049, 2049, 2049, 0]",320.0
1207,9064,31,13,2023-04-28T13:54:16.515000+00:00,36.119,41.167,24.893,223.0,239.0,False,102.179,"[2049, 2049, 2049, 2049, 2049, 2049, 2049, 2049]","[2049, 2049, 2049, 2049, 2049, 2049, 2049, 2049, 2051, 2049]","[2049, 2049, 2049, 2049, 2049, 2049, 0]",318.0
1207,9064,63,13,2023-04-28T13:54:19.984000+00:00,36.029,41.01,24.968,223.0,237.0,False,102.007,"[2049, 2049, 2049, 2049, 2049, 2049, 2049, 2049]","[2049, 2049, 2049, 2049, 2051, 2049, 2049, 2049, 2049, 2049]","[2049, 2049, 2049, 2049, 2049, 2049, 0]",315.0
1207,9064,77,13,2023-04-28T13:54:24.031000+00:00,36.124,41.438,25.079,222.0,223.0,False,102.641,"[2049, 2049, 2049, 2049, 2049, 2049, 2049, 2049]","[2049, 2049, 2049, 2049, 2049, 2049, 2049, 2049, 2049, 2049]","[2049, 2049, 2049, 2049, 2049, 2049, 2049]",314.0
1207,9064,44,13,2023-04-28T13:54:28.234000+00:00,36.147,41.162,24.864,217.0,241.0,False,102.173,"[2049, 2049, 2049, 2049, 2049, 2049, 2049, 2049]","[2049, 2049, 2049, 2049, 2049, 2049, 2049, 2049, 2049, 2049]","[2051, 2049, 2049, 2049, 2049, 2049, 2049]",315.0
1207,9064,22,11,2023-04-28T13:54:33.577000+00:00,36.16,41.366,25.115,222.0,235.0,False,102.641,"[2049, 2049, 2049, 2049, 2049, 2049, 2049, 2049]","[2049, 2049, 2049, 2049, 2049, 2049, 2049, 2049, 2049, 2049]","[2049, 2049, 2049, 2049, 2049, 2049, 0]",316.0
1207,9064,81,13,2023-04-28T13:54:37.124000+00:00,36.0,41.22,25.008,217.0,241.0,False,102.228,"[2049, 2049, 2049, 2049, 2049, 2049, 2049, 2049]","[2049, 2049, 2049, 2049, 2049, 2049, 2049, 2049, 2049, 2049]","[2049, 2049, 2049, 2049, 2049, 2049, 0]",315.0
1207,9064,11,12,2023-04-28T13:54:48.468000+00:00,35.49,40.747,24.894,226.0,240.0,False,101.131,"[2049, 2049, 2051, 2051, 2051, 2051, 2049, 2049]","[2051, 2049, 2049, 2051, 2049, 2049, 2049, 2049, 2051, 2049]","[2049, 2049, 2049, 2049, 2049, 2049, 2051]",318.0
1207,9064,1,10,2023-04-28T13:55:16.796000+00:00,35.663,40.766,24.764,229.0,246.0,False,101.193,"[2051, 2049, 2049, 2049, 2049, 2049, 2049, 2049]","[2049, 2049, 2049, 2049, 2051, 2049, 2049, 2049, 2049, 2051]","[2051, 2049, 2049, 2049, 2049, 2049, 0]",317.0
1207,9064,55,12,2023-04-28T13:55:18.061000+00:00,,49.533,26.538,159.0,196.0,True,,"[2064, 2064, 2049, 2049, 2049, 2049, 2049, 2049]","[2049, 2049, 2049, 2049, 2049, 2049, 2049, 2049, 2049, 2049]","[2049, 2049, 2049, 2049, 2049, 2049, 2049]",297.0
1207,9064,16,11,2023-04-28T13:55:28.920000+00:00,,49.373,26.11,168.0,182.0,True,,"[2064, 2064, 2049, 2049, 2049, 2049, 2049, 2049]","[2049, 2049, 2049, 2049, 2049, 2049, 2049, 2049, 2049, 2049]","[2049, 2049, 2049, 2049, 2049, 2049, 2049]",302.0
1207,9064,23,14,2023-04-28T13:55:40.592000+00:00,40.465,44.286,31.901,202.0,214.0,False,116.652,"[2048, 2048, 2048, 2048, 2048, 2048, 2048, 2048]","[2048, 2048, 2048, 2048, 2048, 2048, 2048, 2048, 2048, 2048]","[2048, 2048, 2048, 2048, 2048, 2048, 2064]",301.0
1207,9064,2,14,2023-04-28T13:55:44.717000+00:00,40.197,44.423,33.134,200.0,209.0,False,117.754,"[2048, 2048, 2048, 2048, 2048, 2048, 2048, 2048]","[2048, 2048, 2048, 2048, 2048, 2048, 2048, 2048, 2048, 2048]","[2048, 2048, 2048, 2048, 2048, 2048, 2064]",298.0
1207,9064,14,13,2023-04-28T13:55:48.358000+00:00,46.722,64.303,,141.0,176.0,False,,"[2048, 2048, 2048, 2048, 2048, 2048, 2048, 2048]","[2048, 2048, 2048, 2048, 2048, 2048, 2048, 2048, 2048, 2048]","[2048, 2048, 2048, 2048, 2048, 0, 0]",303.0
1207,9064,18,14,2023-04-28T13:55:53.826000+00:00,50.253,66.464,,107.0,169.0,False,,"[2048, 2048, 2048, 2048, 2048, 2048, 2048, 2048]","[2048, 2048, 2048, 2048, 2048, 2048, 2048, 2048, 2048, 2048]","[2048, 2048, 2048, 2048, 2048, 0, 0]",303.0
1207,9064,31,14,2023-04-28T13:55:58.670000+00:00,46.762,58.504,,133.0,122.0,False,,"[2048, 2048, 2048, 2048, 2048, 2048, 2048, 2048]","[2048, 2048, 2048, 2048, 2048, 2048, 2048, 2048, 2048, 2048]","[2048, 2048, 2048, 2048, 2048, 0, 0]",289.0
1207,9064,63,14,2023-04-28T13:56:01.983000+00:00,40.016,48.033,33.725,171.0,192.0,False,121.774,"[2048, 2048, 2048, 2048, 2048, 2048, 2048, 2048]","[2048, 2048, 2048, 2048, 2048, 2048, 2048, 2048, 2048, 2048]","[2048, 2048, 2048, 2048, 2048, 2048, 2064]",296.0
1207,9064,77,14,2023-04-28T13:56:06.873000+00:00,41.667,47.199,33.842,168.0,185.0,False,122.708,"[2048, 2048, 2048, 2048, 2048, 2048, 2048, 2048]","[2048, 2048, 2048, 2048, 2048, 2048, 2048, 2048, 2048, 2048]","[2048, 2048, 2048, 2048, 2048, 2048, 2064]",288.0
1207,9064,44,14,2023-04-28T13:56:10.623000+00:00,41.567,52.88,30.763,203.0,162.0,False,125.21,"[2048, 2048, 2048, 2048, 2048, 2048, 2048, 2048]","[2048, 2048, 2048, 2048, 2048, 2048, 2048, 2048, 2048, 2048]","[2048, 2048, 2048, 2048, 2048, 2048, 2064]",308.0
1207,9064,22,12,2023-04-28T13:56:16.201000+00:00,45.049,52.209,,171.0,138.0,False,,"[2048, 2048, 2048, 2048, 2048, 2048, 2048, 2048]","[2048, 2048, 2048, 2048, 2048, 2048, 2048, 2048, 2048, 2048]","[2048, 2048, 2048, 2048, 2048, 0, 0]",303.0
1207,9064,81,14,2023-04-28T13:56:19.545000+00:00,43.411,51.095,32.674,165.0,120.0,False,127.18,"[2048, 2048, 2048, 2048, 2048, 2048, 2048, 2048]","[2048, 2048, 2048, 2048, 2048, 2048, 2048, 2048, 2048, 2048]","[2048, 2048, 2048, 2048, 2048, 2048, 2064]",301.0
1207,9064,11,13,2023-04-28T13:56:29.795000+00:00,44.518,49.356,35.494,168.0,194.0,False,129.368,"[2048, 2048, 2048, 2048, 2048, 2048, 2048, 2048]","[2048, 2048, 2048, 2048, 2048, 2048, 2048, 2048, 2048, 2048]","[2048, 2048, 2048, 2048, 2048, 2048, 2064]",243.0
1207,9064,1,11,2023-04-28T13:56:58.029000+00:00,47.601,55.942,31.626,177.0,184.0,False,135.169,"[2048, 2048, 2048, 2048, 2048, 2048, 2048, 2048]","[2048, 2048, 2048, 2048, 2048, 2048, 2048, 2048, 2048, 2048]","[2048, 2048, 2048, 2048, 2048, 2048, 2064]",293.0
1207,9064,55,13,2023-04-28T13:57:16.076000+00:00,35.883,57.942,27.774,233.0,114.0,False,121.599,"[2049, 2051, 2049, 2049, 2049, 2049, 2049, 2049]","[2048, 2048, 2049, 2049, 2048, 2048, 2048, 2048, 2048, 2048]","[2048, 2048, 2048, 2049, 2049, 2049, 0]",303.0
1207,9064,16,12,2023-04-28T13:57:24.107000+00:00,35.528,40.754,24.934,234.0,237.0,False,101.216,"[2049, 2049, 2051, 2049, 2051, 2049, 2051, 2049]","[2049, 2049, 2049, 2049, 2051, 2049, 2049, 2051, 2049, 2049]","[2049, 2049, 2049, 2049, 2049, 2049, 0]",315.0
1207,9064,14,14,2023-04-28T13:58:07.169000+00:00,35.673,40.763,24.934,240.0,243.0,False,104.151,"[None, 2049, 2049, 2048, 2048, 2049, 2049, 2051]","[2049, 2048, 2051, 2048, 2049, 2051, 2048, 2049, 2048, 2048]","[2049, 2048, 2048, 2048, 2048, 2048, 2048]",317.0
1207,9064,31,15,2023-04-28T13:58:11.169000+00:00,35.948,41.28,24.931,226.0,241.0,False,104.389,"[None, 2048, 2049, 2049, 2048, 2049, 2049, 2049]","[2048, 2048, 2048, 2049, 2048, 2048, 2048, 2049, 2048, 2049]","[2048, 2048, 2048, 2048, 2048, 2048, 2049]",316.0
1207,9064,18,15,2023-04-28T13:58:17.325000+00:00,35.838,40.829,24.909,223.0,237.0,False,103.591,"[2049, 2049, 2049, 2049, 2049, 2049, 2049, 2049]","[2049, 2051, 2049, 2049, 2049, 2048, 2049, 2049, 2049, 2048]","[2049, 2049, 2049, 2051, 2048, 2048, 0]",318.0
1207,9064,22,13,2023-04-28T13:58:20.544000+00:00,36.041,41.024,24.973,220.0,239.0,False,104.094,"[2049, 2049, 2048, 2049, 2049, 2049, 2048, 2048]","[2048, 2049, 2049, 2049, 2049, 2049, 2049, 2049, 2049, 2048]","[2049, 2049, 2049, 2049, 2049, 2049, 2049]",318.0
1207,9064,16,13,2023-04-28T13:59:05.371000+00:00,56.408,56.88,,77.0,205.0,False,,"[2048, 2048, 2048, 2048, 2048, 2048, 2048, 2048]","[2048, 2048, 2048, 2048, 2048, 2048, 2048, 2048, 2048, 2048]","[2048, 2048, 2048, 2048, 2048, 0, 0]",304.0
1207,9064,55,14,2023-04-28T13:59:17.215000+00:00,35.651,40.916,24.95,224.0,243.0,False,101.517,"[None, 2048, 2049, 2049, 2049, 2049, 2049, 2049]","[2049, 2049, 2049, 2049, 2049, 2049, 2049, 2049, 2049, 2049]","[2049, 2049, 2049, 2049, 2049, 2049, 0]",314.0
1207,9064,23,15,2023-04-28T13:59:22.105000+00:00,,46.397,,165.0,209.0,True,,"[2064, 2064, 2048, 2048, 2048, 2048, 2048, 2048]","[2048, 2048, 2048, 2048, 2048, 2048, 2048, 2048, 2048, 2048]","[2048, 2048, 2048, 2048, 2048, 0, 0]",296.0
1207,9064,2,15,2023-04-28T13:59:24.137000+00:00,,48.274,,201.0,184.0,True,,"[2064, 2064, 2048, 2048, 2048, 2048, 2048, 2048]","[2048, 2048, 2048, 2048, 2048, 2048, 2048, 2048, 2048, 2048]","[2048, 2048, 2048, 2048, 2048, 0, 0]",302.0
1207,9064,4,10,2023-04-28T13:59:40.089000+00:00,,44.773,,202.0,126.0,True,,"[2064, 2064, 2049, 2049, 2049, 2049, 2049, 2049]","[2049, 2049, 2049, 2049, 2049, 2049, 2049, 2049, 2049, 2049]","[2049, 2049, 2049, 2049, 2049]",294.0
1207,9064,14,15,2023-04-28T13:59:48.480000+00:00,43.739,46.943,33.719,164.0,180.0,False,124.401,"[None, 2048, 2048, 2048, 2048, 2048, 2048, 2048]","[2048, 2048, 2048, 2048, 2048, 2048, 2048, 2048, 2048, 2048]","[2048, 2048, 2048, 2048, 2048, 2048, 2064]",302.0
1207,9064,31,16,2023-04-28T13:59:53.261000+00:00,41.556,48.672,35.807,174.0,177.0,False,126.035,"[None, 2048, 2048, 2048, 2048, 2048, 2048, 2048]","[2048, 2048, 2048, 2048, 2048, 2048, 2048, 2048, 2048, 2048]","[2048, 2048, 2048, 2048, 2048, 2048, 2064]",241.0
1207,9064,18,16,2023-04-28T13:59:58.839000+00:00,40.739,45.939,36.095,178.0,177.0,False,122.773,"[2048, 2048, 2048, 2048, 2048, 2048, 2048, 2048]","[2048, 2048, 2048, 2048, 2048, 2048, 2048, 2048, 2048, 2048]","[2048, 2048, 2048, 2048, 2048, 2048, 2064]",263.0
1207,9064,44,15,2023-04-28T14:00:01.886000+00:00,,45.345,,182.0,151.0,True,,"[2064, 2064, 2048, 2048, 2048, 2048, 2048, 2048]","[2048, 2048, 2048, 2048, 2048, 2048, 2048, 2048, 2048, 2048]","[2048, 2048, 2048, 2048, 2048, 0, 0]",305.0
1207,9064,22,14,2023-04-28T14:00:02.714000+00:00,41.851,45.875,35.096,183.0,200.0,False,122.822,"[2048, 2048, 2048, 2048, 2048, 2048, 2048, 2048]","[2048, 2048, 2048, 2048, 2048, 2048, 2048, 2048, 2048, 2048]","[2048, 2048, 2048, 2048, 2048, 2048, 2064]",290.0
1207,9064,77,15,2023-04-28T14:00:05.324000+00:00,,45.95,,159.0,200.0,True,,"[2064, 2064, 2048, 2048, 2048, 2048, 2048, 2048]","[2048, 2048, 2048, 2048, 2048, 2048, 2048, 2048, 2048, 2048]","[2048, 2048, 2048, 2048, 2048, 0, 0]",305.0
1207,9064,81,15,2023-04-28T14:00:09.948000+00:00,,46.975,,182.0,183.0,True,,"[2064, 2064, 2048, 2048, 2048, 2048, 2048, 2048]","[2048, 2048, 2048, 2048, 2048, 2048, 2048, 2048, 2048, 2048]","[2048, 2048, 2048, 2048, 2048, 0, 0]",297.0
1207,9064,63,15,2023-04-28T14:00:20.323000+00:00,,45.186,,191.0,211.0,True,,"[2064, 2064, 2048, 2048, 2048, 2048, 2048, 2048]","[2048, 2048, 2048, 2048, 2048, 2048, 2048, 2048, 2048, 2048]","[2048, 2048, 2048, 2048, 2048, 0, 0]",290.0
1207,9064,55,15,2023-04-28T14:00:58.760000+00:00,54.985,66.609,,76.0,142.0,False,,"[2048, 2048, 2048, 2048, 2048, 2048, 2048, 2048]","[2048, 2048, 2048, 2048, 2048, 2048, 2048, 2048, 2048, 2048]","[2048, 2048, 2048, 2048, 2048, 0, 0]",289.0
1207,9064,23,16,2023-04-28T14:01:13.432000+00:00,35.84,41.017,25.101,225.0,237.0,False,103.577,"[2049, 2049, 2049, 2049, 2048, 2049, 2049, 2048]","[2048, 2048, 2049, 2049, 2048, 2049, 2049, 2049, 2049, 2049]","[2048, 2048, 2048, 2049, 2049, 2049, 0]",315.0
1207,9064,2,16,2023-04-28T14:01:16.823000+00:00,35.858,41.47,25.067,218.0,232.0,False,103.804,"[2049, 2049, 2049, 2049, 2049, 2049, 2049, 2048]","[2049, 2049, 2049, 2048, 2049, 2049, 2049, 2049, 2048, 2049]","[2048, 2048, 2048, 2048, 2048, 2051, 0]",319.0
1207,9064,16,14,2023-04-28T14:01:24.682000+00:00,35.494,40.703,24.84,234.0,240.0,False,102.211,"[2049, 2048, 2051, 2049, 2051, 2049, 2048, 2048]","[2049, 2048, 2048, 2049, 2048, 2049, 2051, 2051, 2049, 2051]","[2049, 2048, 2049, 2049, 2049, 2049, 2049]",317.0
1207,9064,4,11,2023-04-28T14:01:29.526000+00:00,35.762,40.833,25.036,212.0,242.0,False,104.928,"[2049, 2049, 2049, 2049, 2049, 2049, 2049, 2049]","[2049, 2049, 2049, 2049, 2049, 2049, 2049, 2049, 2051, 2049]","[2049, 2049, 2049, 2049, 2049, 2049, 0]",313.0
1207,9064,44,16,2023-04-28T14:01:53.275000+00:00,35.772,40.918,24.96,227.0,242.0,False,103.264,"[2049, 2049, 2049, 2049, 2049, 2049, 2049, 2049]","[2049, 2048, 2048, 2049, 2049, 2049, 2048, 2049, 2049, 2049]","[2048, 2048, 2048, 2048, 2048, 2048, 0]",313.0
1207,9064,77,16,2023-04-28T14:01:58.104000+00:00,35.918,41.257,25.084,223.0,233.0,False,103.465,"[2049, 2049, 2049, 2049, 2048, 2049, 2049, 2049]","[2048, 2048, 2048, 2049, 2048, 2048, 2048, 2049, 2049, 2049]","[2049, 2048, 2049, 2048, 2049, 2048, 2048]",314.0
1207,9064,81,16,2023-04-28T14:02:02.275000+00:00,36.039,41.083,25.043,211.0,237.0,False,103.576,"[2048, 2049, 2049, 2049, 2048, 2048, 2049, 2048]","[2048, 2048, 2049, 2048, 2049, 2049, 2049, 2049, 2048, 2049]","[2048, 2048, 2048, 2048, 2049, 2048, 0]",315.0
1207,9064,63,16,2023-04-28T14:02:08.541000+00:00,35.794,40.933,24.927,228.0,240.0,False,103.174,"[2049, 2048, 2049, 2049, 2049, 2049, 2049, 2049]","[2048, 2048, 2049, 2048, 2048, 2051, 2048, 2049, 2049, 2051]","[2051, 2049, 2049, 2048, 2048, 2048, 0]",313.0
1207,9064,23,17,2023-04-28T14:02:55.353000+00:00,49.239,52.998,,151.0,197.0,False,,"[2048, 2048, 2048, 2048, 2048, 2048, 2048, 2048]","[2048, 2048, 2048, 2048, 2048, 2048, 2048, 2048, 2048, 2048]","[2048, 2048, 2048, 2048, 2048, 0, 0]",297.0
1207,9064,2,17,2023-04-28T14:02:59.150000+00:00,47.219,54.936,,136.0,203.0,False,,"[2048, 2048, 2048, 2048, 2048, 2048, 2048, 2048]","[2048, 2048, 2048, 2048, 2048, 2048, 2048, 2048, 2048, 2048]","[2048, 2048, 2048, 2048, 2048, 0, 0]",303.0
1207,9064,16,15,2023-04-28T14:03:05.697000+00:00,43.689,68.155,33.558,143.0,181.0,False,145.402,"[2048, 2048, 2048, 2048, 2048, 2048, 2048, 2048]","[2048, 2048, 2048, 2048, 2048, 2048, 2048, 2048, 2048, 2048]","[2048, 2048, 2048, 2048, 2048, 2048, 2064]",284.0
1207,9064,4,12,2023-04-28T14:03:11.306000+00:00,50.089,63.949,,148.0,69.0,False,,"[2048, 2048, 2048, 2048, 2048, 2048, 2048, 2048]","[2048, 2048, 2048, 2048, 2048, 2048, 2048, 2048, 2048, 2048]","[2048, 2048, 2048, 2048, 2048, 0, 0]",296.0
1207,9064,31,17,2023-04-28T14:03:21.978000+00:00,,47.031,,186.0,200.0,True,,"[2064, 2064, 2048, 2048, 2048, 2048, 2048, 2048]","[2048, 2048, 2048, 2048, 2048, 2048, 2048, 2048, 2048, 2048]","[2048, 2048, 2048, 2048, 2048, 0, 0]",294.0
1207,9064,11,14,2023-04-28T14:03:26.884000+00:00,,51.677,,200.0,159.0,True,,"[2064, 2064, 2048, 2048, 2048, 2048, 2048, 2048]","[2048, 2048, 2048, 2048, 2048, 2048, 2048, 2048, 2048, 2048]","[2048, 2048, 2048, 2048, 2048, 0, 0]",304.0
1207,9064,55,16,2023-04-28T14:03:29.352000+00:00,61.667,69.295,28.968,157.0,130.0,False,159.93,"[None, 2048, 2048, 2049, 2049, 2048, 2048, 2048]","[2048, 2048, 2048, 2048, 2048, 2048, 2048, 2048, 2048, 2048]","[2048, 2048, 2048, 2048, 2048, 0, 0]",305.0
1207,9064,44,17,2023-04-28T14:03:34.509000+00:00,45.776,55.583,,154.0,132.0,False,,"[2048, 2048, 2048, 2048, 2048, 2048, 2048, 2048]","[2048, 2048, 2048, 2048, 2048, 2048, 2048, 2048, 2048, 2048]","[2048, 2048, 2048, 2048, 2048, 0, 0]",300.0
1207,9064,77,17,2023-04-28T14:03:40.323000+00:00,47.475,52.986,,167.0,203.0,False,,"[2048, 2048, 2048, 2048, 2048, 2048, 2048, 2048]","[2048, 2048, 2048, 2048, 2048, 2048, 2048, 2048, 2048, 2048]","[2048, 2048, 2048, 2048, 2048, 0, 0]",302.0
1207,9064,81,17,2023-04-28T14:03:44.399000+00:00,47.377,52.614,,167.0,186.0,False,,"[None, 2048, 2048, 2048, 2048, 2048, 2048, 2048]","[2048, 2048, 2048, 2048, 2048, 2048, 2048, 2048, 2048, 2048]","[2048, 2048, 2048, 2048, 2048, 0, 0]",298.0
1207,9064,1,12,2023-04-28T14:03:44.946000+00:00,,50.789,,201.0,196.0,True,,"[2064, 2064, 2048, 2048, 2048, 2048, 2048, 2048]","[2048, 2048, 2048, 2048, 2048, 2048, 2048, 2048, 2048, 2048]","[2048, 2048, 2048, 2048, 2048, 0, 0]",302.0
1207,9064,63,17,2023-04-28T14:03:50.149000+00:00,48.269,53.321,,148.0,205.0,False,,"[2048, 2048, 2048, 2048, 2048, 2048, 2048, 2048]","[2048, 2048, 2048, 2048, 2048, 2048, 2048, 2048, 2048, 2048]","[2048, 2048, 2048, 2048, 2048, 0, 0]",295.0
1207,9064,22,15,2023-04-28T14:03:50.805000+00:00,,55.239,,167.0,191.0,True,,"[2064, 2064, 2048, 2048, 2048, 2048, 2048, 2048]","[2048, 2048, 2048, 2048, 2048, 2048, 2048, 2048, 2048, 2048]","[2048, 2048, 2048, 2048, 2048, 0, 0]",301.0
1207,9064,14,16,2023-04-28T14:04:05.711000+00:00,,52.79,,163.0,209.0,True,,"[2064, 2064, 2048, 2048, 2048, 2048, 2048, 2048]","[2048, 2048, 2048, 2048, 2048, 2048, 2048, 2048, 2048, 2048]","[2048, 2048, 2048, 2048, 2048, 0, 0]",303.0
1207,9064,18,17,2023-04-28T14:04:07.227000+00:00,,59.9,,174.0,181.0,True,,"[2064, 2064, 2048, 2048, 2048, 2048, 2048, 2048]","[2048, 2048, 2048, 2048, 2048, 2048, 2048, 2048, 2048, 2048]","[2048, 2048, 2048, 2048, 2048, 0, 0]",302.0
1207,9064,23,18,2023-04-28T14:05:04.305000+00:00,35.854,40.976,24.988,224.0,232.0,False,103.465,"[2049, 2048, 2048, 2049, 2049, 2048, 2048, 2048]","[2048, 2048, 2049, 2048, 2049, 2049, 2049, 2048, 2048, 2049]","[2048, 2048, 2049, 2049, 2049, 2049, 0]",316.0
1207,9064,2,18,2023-04-28T14:05:07.664000+00:00,35.932,41.588,26.306,217.0,228.0,False,103.826,"[None, 2048, 2049, 2049, 2048, 2048, 2048, 2048]","[2048, 2048, 2048, 2049, 2048, 2049, 2048, 2049, 2048, 2048]","[2049, 2048, 2048, 2049, 2051, 0, 0]",320.0
1207,9064,31,18,2023-04-28T14:05:13.226000+00:00,35.7,41.037,25.061,228.0,241.0,False,103.224,"[2049, 2049, 2049, 2049, 2049, 2049, 2049, 2048]","[2049, 2049, 2049, 2049, 2048, 2049, 2049, 2049, 2048, 2048]","[2048, 2048, 2048, 2048, 2048, 2048, 2049]",316.0
1207,9064,11,15,2023-04-28T14:05:28.617000+00:00,35.701,40.628,34.482,235.0,253.0,False,103.011,"[2048, 2049, 2049, 2049, 2048, 2048, 2048, 2049]","[2048, 2048, 2049, 2048, 2049, 2051, 2049, 2049, 2048, 2051]","[2049, 2048, 2048, 2048, 2048, 2048, 2064]",291.0
1207,9064,4,13,2023-04-28T14:05:32.429000+00:00,35.689,40.768,25.028,220.0,230.0,False,103.96,"[None, 2051, 2048, 2048, 2049, 2049, 2049, 2049]","[2049, 2048, 2049, 2048, 2049, 2049, 2049, 2048, 2048, 2048]","[2048, 2049, 2049, 2049, 2048, 2049, 0]",312.0
1207,9064,1,13,2023-04-28T14:05:39.898000+00:00,35.474,40.61,24.738,226.0,241.0,False,102.823,"[2049, 2048, 2048, 2049, 2049, 2049, 2049, 2049]","[2049, 2049, 2048, 2049, 2048, 2049, 2049, 2049, 2049, 2049]","[2048, 2048, 2049, 2049, 2049, 2049, 0]",318.0
1207,9064,44,18,2023-04-28T14:05:42.273000+00:00,36.233,43.074,34.106,209.0,179.0,False,105.645,"[2049, 2049, 2048, 2048, 2049, 2048, 2048, 2048]","[2048, 2048, 2048, 2048, 2048, 2048, 2048, 2048, 2048, 2048]","[2048, 2048, 2048, 2048, 2048, 2048, 2064]",302.0
1207,9064,77,18,2023-04-28T14:05:47.038000+00:00,35.825,41.287,26.195,219.0,225.0,False,103.307,"[2049, 2049, 2048, 2049, 2049, 2048, 2049, 2048]","[2049, 2048, 2049, 2048, 2048, 2048, 2049, 2048, 2048, 2048]","[2048, 2048, 2048, 2048, 2048, 0, 0]",314.0
1207,9064,81,18,2023-04-28T14:05:50.757000+00:00,35.636,41.075,24.925,214.0,237.0,False,103.053,"[2049, 2049, 2049, 2049, 2049, 2048, 2049, 2049]","[2048, 2049, 2048, 2048, 2048, 2048, 2049, 2049, 2049, 2049]","[2048, 2049, 2049, 2049, 2049, 2049, 0]",317.0
1207,9064,22,16,2023-04-28T14:05:54.413000+00:00,35.78,40.906,24.883,225.0,232.0,False,103.118,"[2049, 2048, 2051, 2049, 2049, 2048, 2049, 2049]","[2049, 2049, 2049, 2049, 2048, 2049, 2048, 2049, 2049, 2048]","[2049, 2049, 2049, 2049, 2048, 2049, 2048]",318.0
1207,9064,63,18,2023-04-28T14:05:58.335000+00:00,35.731,40.96,33.977,225.0,241.0,False,103.208,"[None, 2048, 2049, 2051, 2049, 2049, 2048, 2048]","[2048, 2048, 2049, 2049, 2048, 2048, 2049, 2048, 2048, 2048]","[2048, 2048, 2048, 2048, 2048, 2048, 2064]",287.0
1207,9064,14,17,2023-04-28T14:06:02.273000+00:00,35.526,40.645,33.081,224.0,244.0,False,102.788,"[2048, 2049, 2049, 2049, 2051, 2048, 2049, 2048]","[2048, 2051, 2048, 2049, 2048, 2049, 2051, 2049, 2049, 2049]","[2048, 2048, 2048, 2048, 2048, 2048, 2064]",293.0
1207,9064,55,17,2023-04-28T14:06:07.132000+00:00,35.701,40.879,24.789,223.0,243.0,False,103.109,"[2049, 2048, 2048, 2049, 2049, 2048, 2048, 2049]","[2049, 2049, 2048, 2048, 2049, 2049, 2049, 2048, 2048, 2049]","[2049, 2048, 2049, 2049, 2049, 2049, 0]",318.0
1207,9064,18,18,2023-04-28T14:06:12.538000+00:00,35.91,41.853,37.761,217.0,194.0,False,104.159,"[2051, 2048, 2048, 2049, 2048, 2048, 2049, 2048]","[2048, 2048, 2049, 2048, 2048, 2048, 2049, 2048, 2048, 2048]","[2048, 2048, 2048, 2048, 2048, 2048, 2064]",274.0
1207,9064,23,19,2023-04-28T14:06:46.053000+00:00,45.39,52.782,45.143,168.0,165.0,False,143.315,"[2048, 2048, 2048, 2048, 2048, 2048, 2048, 2048]","[2048, 2048, 2048, 2048, 2048, 2048, 2048, 2048, 2048, 2048]","[2048, 2048, 2048, 2048, 2048, 2048, 2064]",178.0
1207,9064,2,19,2023-04-28T14:06:50.397000+00:00,45.025,53.539,44.799,181.0,118.0,False,123.496,"[None, 2048, 2048, 2048, 2048, 2048, 2048, 2048]","[2048, 2048, 2048, 2048, 2048, 2048, 2048, 2048, 2048, 2048]","[2048, 2048, 2048, 2048, 2048, 2048, 2064]",161.0
1207,9064,31,19,2023-04-28T14:06:54.959000+00:00,44.516,53.199,44.231,169.0,152.0,False,141.946,"[2048, 2048, 2048, 2048, 2048, 2048, 2048, 2048]","[2048, 2048, 2048, 2048, 2048, 2048, 2048, 2048, 2048, 2048]","[2048, 2048, 2048, 2048, 2048, 2048, 2064]",205.0
1207,9064,4,14,2023-04-28T14:07:13.850000+00:00,42.178,49.19,34.591,165.0,156.0,False,125.959,"[None, 2048, 2048, 2048, 2048, 2048, 2048, 2048]","[2048, 2048, 2048, 2048, 2048, 2048, 2048, 2048, 2048, 2048]","[2048, 2048, 2048, 2048, 2048, 2048, 2064]",264.0
1207,9064,1,14,2023-04-28T14:07:20.678000+00:00,40.252,46.041,34.844,192.0,182.0,False,121.137,"[2048, 2048, 2048, 2048, 2048, 2048, 2048, 2048]","[2048, 2048, 2048, 2048, 2048, 2048, 2048, 2048, 2048, 2048]","[2048, 2048, 2048, 2048, 2048, 2048, 2064]",280.0
1207,9064,77,19,2023-04-28T14:07:29.287000+00:00,47.365,52.697,43.901,171.0,151.0,False,125.213,"[2048, 2048, 2048, 2048, 2048, 2048, 2048, 2048]","[2048, 2048, 2048, 2048, 2048, 2048, 2048, 2048, 2048, 2048]","[2048, 2048, 2048, 2048, 2048, 2048, 2064]",192.0
1207,9064,81,19,2023-04-28T14:07:32.365000+00:00,43.023,46.879,33.922,179.0,183.0,False,123.824,"[2048, 2048, 2048, 2048, 2048, 2048, 2048, 2048]","[2048, 2048, 2048, 2048, 2048, 2048, 2048, 2048, 2048, 2048]","[2048, 2048, 2048, 2048, 2048, 2048, 2064]",283.0
1207,9064,22,17,2023-04-28T14:07:36.022000+00:00,47.058,49.321,44.11,167.0,154.0,False,140.489,"[2048, 2048, 2048, 2048, 2048, 2048, 2048, 2048]","[2048, 2048, 2048, 2048, 2048, 2048, 2048, 2048, 2048, 2048]","[2048, 2048, 2048, 2048, 2048, 2048, 2064]",198.0
1207,9064,55,18,2023-04-28T14:07:48.490000+00:00,43.542,50.582,36.599,173.0,173.0,False,130.723,"[2048, 2048, 2048, 2048, 2048, 2048, 2048, 2048]","[2048, 2048, 2048, 2048, 2048, 2048, 2048, 2048, 2048, 2048]","[2048, 2048, 2048, 2048, 2048, 2048, 2064]",242.0
1207,9064,11,16,2023-04-28T14:15:04.251000+00:00,,45.296,26.03,183.0,219.0,True,,"[2064, 2064, 2051, 2049, 2049, 2049, 2049, 2049]","[2049, 2049, 2049, 2051, 2049, 2049, 2049, 2049, 2051, 2051]","[2049, 2049, 2049, 2049, 2051, 2051, 2051]",300.0
1207,9064,1,15,2023-04-28T14:15:09.469000+00:00,,47.914,25.694,196.0,221.0,True,,"[2064, 2064, 2049, 2049, 2049, 2049, 2051, 2049]","[2049, 2049, 2049, 2049, 2051, 2049, 2049, 2049, 2049, 2049]","[2051, 2049, 2049, 2049, 2051, 2051, 2051]",305.0
1207,9064,55,19,2023-04-28T14:15:11.079000+00:00,,48.758,26.306,194.0,212.0,True,,"[2064, 2064, 2049, 2049, 2049, 2049, 2049, 2049]","[2049, 2049, 2049, 2049, 2049, 2049, 2049, 2049, 2049, 2049]","[2049, 2049, 2049, 2049, 2049, 2049, 2049]",299.0
1207,9064,16,16,2023-04-28T14:15:15.861000+00:00,,48.707,26.092,181.0,209.0,True,,"[2064, 2064, 2049, 2049, 2049, 2049, 2049, 2049]","[2049, 2049, 2049, 2049, 2049, 2049, 2049, 2049, 2049, 2049]","[2049, 2051, 2051, 2051, 2051, 2049]",303.0
1207,9064,22,18,2023-04-28T14:15:21.438000+00:00,,49.581,26.385,184.0,203.0,True,,"[2064, 2064, 2049, 2049, 2049, 2049, 2049, 2049]","[2049, 2049, 2049, 2049, 2049, 2049, 2049, 2049, 2049, 2049]","[2049, 2049, 2049, 2049, 2049, 2049, 2049]",298.0
1207,9064,4,15,2023-04-28T14:15:24.766000+00:00,,49.559,26.4,201.0,202.0,True,,"[2064, 2064, 2049, 2049, 2049, 2049, 2049, 2051]","[2051, 2051, 2049, 2049, 2049, 2051, 2049, 2049, 2049, 2049]","[2049, 2049, 2049, 2049, 2049, 2049, 2049]",296.0
1207,9064,44,19,2023-04-28T14:15:28.704000+00:00,,45.769,26.529,195.0,150.0,True,,"[2064, 2064, 2049, 2049, 2049, 2049, 2049, 2049]","[2049, 2049, 2051, 2049, 2049, 2049, 2049, 2051, 2051, 2049]","[2049, 2049, 2049, 2049, 2049, 2049, 2049]",299.0
1207,9064,14,18,2023-04-28T14:15:44.688000+00:00,,45.393,27.447,190.0,150.0,True,,"[2064, 2064, 2049, 2049, 2049, 2049, 2049, 2049]","[2049, 2049, 2049, 2049, 2049, 2049, 2051, 2049, 2049, 2049]","[2049, 2049, 2049, 2049, 2049, 2049]",302.0
1207,9064,11,17,2023-04-28T14:16:54.218000+00:00,35.319,40.365,24.879,235.0,243.0,False,100.563,"[2049, 2049, 2051, 2049, 2051, 2049, 2049, 2049]","[2049, 2049, 2049, 2051, 2049, 2051, 2049, 2049, 2051, 2049]","[2049, 2049, 2049, 2049, 2051, 2051, 0]",316.0
1207,9064,1,16,2023-04-28T14:17:03.749000+00:00,35.33,40.335,24.78,227.0,240.0,False,100.445,"[2049, 2049, 2049, 2051, 2049, 2049, 2049, 2049]","[2051, 2051, 2051, 2049, 2049, 2049, 2049, 2049, 2049, 2051]","[2049, 2049, 2049, 2051, 2051, 2051, 2051]",318.0
1207,9064,55,20,2023-04-28T14:17:10.406000+00:00,35.512,40.689,24.815,224.0,243.0,False,101.016,"[2049, 2049, 2049, 2049, 2049, 2049, 2049, 2049]","[2049, 2049, 2049, 2049, 2051, 2049, 2049, 2049, 2049, 2049]","[2051, 2049, 2049, 2049, 2049, 2049, 2049]",317.0
1207,9064,16,17,2023-04-28T14:17:19.937000+00:00,35.261,40.378,24.806,234.0,241.0,False,100.445,"[2049, 2049, 2049, 2049, 2049, 2051, 2051, 2049]","[2049, 2049, 2049, 2049, 2049, 2049, 2049, 2051, 2049, 2049]","[2049, 2051, 2051, 2051, 2049, 2049, 0]",316.0
1207,9064,22,19,2023-04-28T14:17:24.171000+00:00,35.772,41.243,25.023,226.0,235.0,False,102.038,"[2051, 2049, 2049, 2049, 2049, 2049, 2049, 2049]","[2049, 2049, 2049, 2049, 2049, 2049, 2049, 2049, 2049, 2049]","[2049, 2049, 2049, 2049, 2049, 2049, 0]",316.0
1207,9064,4,16,2023-04-28T14:17:28.140000+00:00,35.878,40.71,25.006,223.0,236.0,False,101.594,"[2049, 2049, 2049, 2049, 2049, 2049, 2049, 2049]","[2049, 2049, 2049, 2049, 2049, 2049, 2049, 2049, 2049, 2049]","[2049, 2049, 2049, 2049, 2049, 2049, 0]",315.0
1207,9064,44,20,2023-04-28T14:17:30.671000+00:00,35.702,40.708,24.767,218.0,239.0,False,101.177,"[2049, 2051, 2049, 2049, 2049, 2049, 2049, 2049]","[2049, 2049, 2049, 2049, 2049, 2049, 2049, 2049, 2049, 2049]","[2049, 2049, 2049, 2051, 2049, 2049, 0]",317.0
1207,9064,14,19,2023-04-28T14:17:34.765000+00:00,35.817,41.263,25.001,235.0,241.0,False,102.081,"[2049, 2049, 2049, 2049, 2049, 2049, 2049, 2051]","[2049, 2049, 2049, 2049, 2049, 2049, 2051, 2049, 2049, 2049]","[2049, 2049, 2049, 2049, 2051, 2049, 2049]",318.0
1207,9064,11,18,2023-04-28T14:18:35.045000+00:00,42.197,47.26,35.077,198.0,193.0,False,124.534,"[2048, 2048, 2048, 2048, 2048, 2048, 2048, 2048]","[2048, 2048, 2048, 2048, 2048, 2048, 2048, 2048, 2048, 2048]","[2048, 2048, 2048, 2048, 2048, 2048, 2064]",254.0
1207,9064,18,19,2023-04-28T14:18:43.045000+00:00,,44.518,,199.0,156.0,True,,"[2064, 2064, 2049, 2049, 2049, 2049, 2049, 2049]","[2049, 2049, 2049, 2049, 2049, 2049, 2049, 2049, 2049, 2049]","[2049, 2049, 2049, 2049, 2049]",300.0
1207,9064,1,17,2023-04-28T14:18:44.186000+00:00,39.569,45.622,32.657,192.0,201.0,False,117.848,"[2048, 2048, 2048, 2048, 2048, 2048, 2048, 2048]","[2048, 2048, 2048, 2048, 2048, 2048, 2048, 2048, 2048, 2048]","[2048, 2048, 2048, 2048, 2048, 2048, 2064]",287.0
1207,9064,55,21,2023-04-28T14:18:51.326000+00:00,42.772,49.373,33.985,171.0,170.0,False,126.13,"[2048, 2048, 2048, 2048, 2048, 2048, 2048, 2048]","[2048, 2048, 2048, 2048, 2048, 2048, 2048, 2048, 2048, 2048]","[2048, 2048, 2048, 2048, 2048, 2048, 2064]",285.0
1207,9064,16,18,2023-04-28T14:19:00.436000+00:00,41.77,47.263,33.008,185.0,202.0,False,122.041,"[2048, 2048, 2048, 2048, 2048, 2048, 2048, 2048]","[2048, 2048, 2048, 2048, 2048, 2048, 2048, 2048, 2048, 2048]","[2048, 2048, 2048, 2048, 2048, 2048, 2064]",292.0
1207,9064,22,20,2023-04-28T14:19:06.014000+00:00,42.181,45.705,34.241,180.0,207.0,False,122.127,"[2048, 2048, 2048, 2048, 2048, 2048, 2048, 2048]","[2048, 2048, 2048, 2048, 2048, 2048, 2048, 2048, 2048, 2048]","[2048, 2048, 2048, 2048, 2048, 2048, 2064]",288.0
1207,9064,4,17,2023-04-28T14:19:09.842000+00:00,44.272,49.99,32.067,155.0,168.0,False,126.329,"[2048, 2048, 2048, 2048, 2048, 2048, 2048, 2048]","[2048, 2048, 2048, 2048, 2048, 2048, 2048, 2048, 2048, 2048]","[2048, 2048, 2048, 2048, 2048, 2048, 2064]",301.0
1207,9064,44,21,2023-04-28T14:19:11.857000+00:00,41.454,44.483,31.299,181.0,189.0,False,117.236,"[2048, 2048, 2048, 2048, 2048, 2048, 2048, 2048]","[2048, 2048, 2048, 2048, 2048, 2048, 2048, 2048, 2048, 2048]","[2048, 2048, 2048, 2048, 2048, 2048, 2064]",302.0
1207,9064,14,20,2023-04-28T14:19:17.045000+00:00,39.867,45.722,32.144,187.0,199.0,False,117.733,"[2048, 2048, 2048, 2048, 2048, 2048, 2048, 2048]","[2048, 2048, 2048, 2048, 2048, 2048, 2048, 2048, 2048, 2048]","[2048, 2048, 2048, 2048, 2048, 2048, 2064]",304.0
1207,9064,81,20,2023-04-28T14:19:39.670000+00:00,,47.204,,194.0,197.0,True,,"[2064, 2064, 2049, 2049, 2049, 2049, 2049, 2049]","[2049, 2049, 2049, 2049, 2049, 2049, 2049, 2049, 2049, 2049]","[2049, 2049, 2049, 2049, 2049]",294.0
1207,9064,18,20,2023-04-28T14:20:32.747000+00:00,36.028,40.858,25.085,227.0,242.0,False,104.487,"[2049, 2049, 2049, 2049, 2049, 2049, 2049, 2049]","[2049, 2049, 2051, 2049, 2049, 2049, 2049, 2049, 2049, 2049]","[2049, 2049, 2049, 2049, 2049, 2049, 2049]",315.0
1207,9064,81,21,2023-04-28T14:21:32.981000+00:00,35.828,41.081,25.188,215.0,236.0,False,103.504,"[2049, 2049, 2049, 2049, 2049, 2049, 2049, 2049]","[2049, 2049, 2049, 2049, 2049, 2049, 2049, 2049, 2049, 2049]","[2049, 2049, 2049, 2049, 2049, 2049, 0]",311.0
1207,9064,18,21,2023-04-28T14:22:14.668000+00:00,50.311,60.041,,117.0,199.0,False,,"[2048, 2048, 2048, 2048, 2048, 2048, 2048, 2048]","[2048, 2048, 2048, 2048, 2048, 2048, 2048, 2048, 2048, 2048]","[2048, 2048, 2048, 2048, 2048, 0, 0]",300.0
1207,9064,16,19,2023-04-28T14:22:32.777000+00:00,,61.494,,170.0,194.0,True,,"[2064, 2064, 2048, 2048, 2048, 2048, 2048, 2048]","[2048, 2048, 2048, 2048, 2048, 2048, 2048, 2048, 2048, 2048]","[2048, 2048, 2048, 2048, 2048, 0, 0]",303.0
1207,9064,55,22,2023-04-28T14:22:37.183000+00:00,,58.583,,190.0,190.0,True,,"[2064, 2064, 2048, 2048, 2048, 2048, 2048, 2048]","[2048, 2048, 2048, 2048, 2048, 2048, 2048, 2048, 2048, 2048]","[2048, 2048, 2048, 2048, 2048, 0, 0]",305.0
1207,9064,11,19,2023-04-28T14:22:52.745000+00:00,,51.19,,181.0,198.0,True,,"[2064, 2064, 2048, 2048, 2048, 2048, 2048, 2048]","[2048, 2048, 2048, 2048, 2048, 2048, 2048, 2048, 2048, 2048]","[2048, 2048, 2048, 2048, 2048, 0, 0]",305.0
1207,9064,1,18,2023-04-28T14:23:01.558000+00:00,,51.691,,196.0,205.0,True,,"[2064, 2064, 2048, 2048, 2048, 2048, 2048, 2048]","[2048, 2048, 2048, 2048, 2048, 2048, 2048, 2048, 2048, 2048]","[2048, 2048, 2048, 2048, 2048, 0, 0]",304.0
1207,9064,44,22,2023-04-28T14:23:04.339000+00:00,,51.545,,193.0,198.0,True,,"[2064, 2064, 2048, 2048, 2048, 2048, 2048, 2048]","[2048, 2048, 2048, 2048, 2048, 2048, 2048, 2048, 2048, 2048]","[2048, 2048, 2048, 2048, 2048, 0, 0]",299.0
1207,9064,14,21,2023-04-28T14:23:05.167000+00:00,,49.106,,200.0,168.0,True,,"[2064, 2064, 2048, 2048, 2048, 2048, 2048, 2048]","[2048, 2048, 2048, 2048, 2048, 2048, 2048, 2048, 2048, 2048]","[2048, 2048, 2048, 2048, 2048, 0, 0]",302.0
1207,9064,81,22,2023-04-28T14:23:15.026000+00:00,42.279,46.742,,186.0,201.0,False,,"[2048, 2048, 2048, 2048, 2048, 2048, 2048, 2048]","[2048, 2048, 2048, 2048, 2048, 2048, 2048, 2048, 2048, 2048]","[2048, 2048, 2048, 2048, 2048, 0, 0]",298.0
1207,9064,22,21,2023-04-28T14:23:33.823000+00:00,,45.104,,179.0,206.0,True,,"[2064, 2064, 2048, 2048, 2048, 2048, 2048, 2048]","[2048, 2048, 2048, 2048, 2048, 2048, 2048, 2048, 2048, 2048]","[2048, 2048, 2048, 2048, 2048, 0, 0]",299.0
1207,9064,4,18,2023-04-28T14:23:55.760000+00:00,,43.761,,204.0,203.0,True,,"[2064, 2064, 2048, 2048, 2048, 2048, 2048, 2048]","[2048, 2048, 2048, 2048, 2048, 2048, 2048, 2048, 2048, 2048]","[2048, 2048, 2048, 2048, 2048, 0, 0]",295.0
1207,9064,18,22,2023-04-28T14:24:31.557000+00:00,35.813,40.77,25.028,229.0,242.0,False,103.052,"[2049, 2048, 2049, 2049, 2048, 2048, 2049, 2049]","[2049, 2049, 2048, 2049, 2048, 2048, 2048, 2049, 2049, 2049]","[2049, 2049, 2049, 2048, 2049, 2049, 2049]",315.0
1207,9064,16,20,2023-04-28T14:24:37.650000+00:00,35.224,40.191,24.788,237.0,245.0,False,101.495,"[2049, 2048, 2049, 2049, 2049, 2048, 2051, 2051]","[2049, 2051, 2051, 2049, 2049, 2048, 2048, 2048, 2051, 2048]","[2048, 2048, 2048, 2051, 2049, 2051, 2049]",317.0
1207,9064,55,23,2023-04-28T14:24:42.963000+00:00,35.591,40.768,26.161,230.0,244.0,False,102.52,"[2048, 2049, 2049, 2049, 2049, 2048, 2048, 2048]","[2048, 2049, 2048, 2049, 2048, 2048, 2048, 2049, 2048, 2048]","[2048, 2048, 2049, 2049, 2051, 0, 0]",318.0
1207,9064,11,20,2023-04-28T14:24:49.072000+00:00,35.177,40.554,24.764,238.0,250.0,False,101.637,"[2051, 2048, 2048, 2051, 2051, 2048, 2049, 2049]","[2048, 2049, 2048, 2048, 2048, 2048, 2049, 2049, 2048, 2048]","[2048, 2048, 2049, 2049, 2049, 2051, 2051]",318.0
1207,9064,1,19,2023-04-28T14:24:55.338000+00:00,35.277,40.447,24.667,226.0,241.0,False,101.435,"[2049, 2049, 2048, 2048, 2049, 2048, 2048, 2048]","[2048, 2048, 2048, 2048, 2048, 2048, 2048, 2049, 2048, 2048]","[2049, 2049, 2049, 2049, 2051, 2051, 0]",319.0
1207,9064,44,23,2023-04-28T14:24:59.228000+00:00,35.727,40.678,26.113,222.0,244.0,False,102.518,"[2048, 2048, 2048, 2049, 2049, 2049, 2049, 2049]","[2048, 2048, 2048, 2049, 2049, 2049, 2048, 2049, 2049, 2049]","[2048, 2048, 2049, 2048, 2048, 0, 0]",316.0
1207,9064,14,22,2023-04-28T14:25:03.041000+00:00,35.727,40.757,24.769,229.0,239.0,False,104.333,"[2049, 2048, 2049, 2049, 2049, 2048, 2049, 2049]","[2049, 2049, 2049, 2049, 2049, 2049, 2051, 2049, 2049, 2049]","[2049, 2049, 2051, 2051, 2051, 2051, 0]",321.0
1207,9064,81,23,2023-04-28T14:25:10.478000+00:00,35.737,40.903,24.971,221.0,238.0,False,103.026,"[None, 2048, 2049, 2049, 2049, 2049, 2049, 2049]","[2048, 2049, 2048, 2049, 2048, 2049, 2049, 2049, 2049, 2048]","[2048, 2049, 2049, 2049, 2049, 2049, 0]",316.0
1207,9064,22,22,2023-04-28T14:25:24.994000+00:00,35.717,40.835,25.029,222.0,241.0,False,102.889,"[2048, 2049, 2049, 2048, 2049, 2049, 2048, 2049]","[2049, 2049, 2049, 2049, 2048, 2048, 2048, 2049, 2049, 2049]","[2049, 2049, 2049, 2048, 2048, 2048, 2048]",315.0
1207,9064,4,19,2023-04-28T14:25:41.509000+00:00,35.461,40.735,25.085,223.0,239.0,False,102.455,"[2049, 2049, 2049, 2049, 2048, 2049, 2049, 2049]","[2048, 2048, 2049, 2049, 2048, 2048, 2048, 2049, 2049, 2048]","[2049, 2049, 2049, 2048, 2048, 2048, 0]",312.0
1207,9064,18,23,2023-04-28T14:26:13.415000+00:00,43.313,50.458,,151.0,197.0,False,,"[2048, 2048, 2048, 2048, 2048, 2048, 2048, 2048]","[2048, 2048, 2048, 2048, 2048, 2048, 2048, 2048, 2048, 2048]","[2048, 2048, 2048, 2048, 2048, 0, 0]",299.0
1207,9064,16,21,2023-04-28T14:26:17.821000+00:00,46.507,52.082,,149.0,171.0,False,,"[2048, 2048, 2048, 2048, 2048, 2048, 2048, 2048]","[2048, 2048, 2048, 2048, 2048, 2048, 2048, 2048, 2048, 2048]","[2048, 2048, 2048, 2048, 2048, 0, 0]",208.0
1207,9064,55,24,2023-04-28T14:26:24.212000+00:00,46.736,52.222,24.871,164.0,159.0,False,123.829,"[None, 2048, 2048, 2048, 2048, 2048, 2048, 2048]","[2048, 2048, 2048, 2048, 2048, 2048, 2048, 2048, 2048, 2048]","[2048, 2048, 2048, 2048, 2048, 0, 0]",208.0
1207,9064,11,21,2023-04-28T14:26:29.524000+00:00,49.499,57.128,68.183,147.0,134.0,False,174.81,"[2048, 2048, 2048, 2048, 2048, 2048, 2048, 2048]","[2048, 2048, 2048, 2048, 2048, 2048, 2048, 2048, 2048, 2048]","[2048, 2048, 2048, 2048, 2048, 2048, 2064]",214.0
1207,9064,1,20,2023-04-28T14:26:35.680000+00:00,44.543,56.795,,157.0,135.0,False,,"[2048, 2048, 2048, 2048, 2048, 2048, 2048, 2048]","[2048, 2048, 2048, 2048, 2048, 2048, 2048, 2048, 2048, 2048]","[2048, 2048, 2048, 2048, 2048, 0, 0]",221.0
1207,9064,44,24,2023-04-28T14:26:40.508000+00:00,43.565,55.576,24.871,182.0,136.0,False,124.012,"[None, 2048, 2048, 2048, 2048, 2048, 2048, 2048]","[2048, 2048, 2048, 2048, 2048, 2048, 2048, 2048, 2048, 2048]","[2048, 2048, 2048, 2048, 2048, 0, 0]",214.0
1207,9064,14,23,2023-04-28T14:26:44.274000+00:00,45.078,53.172,,146.0,128.0,False,,"[2048, 2048, 2048, 2048, 2048, 2048, 2048, 2048]","[2048, 2048, 2048, 2048, 2048, 2048, 2048, 2048, 2048, 2048]","[2048, 2048, 2048, 2048, 2048, 0, 0]",189.0
1207,9064,81,24,2023-04-28T14:26:52.040000+00:00,45.633,53.983,,140.0,155.0,False,,"[None, 2048, 2048, 2048, 2048, 2048, 2048, 2048]","[2048, 2048, 2048, 2048, 2048, 2048, 2048, 2048, 2048, 2048]","[2048, 2048, 2048, 2048, 2048, 0, 0]",182.0
1207,9064,22,23,2023-04-28T14:27:06.711000+00:00,47.814,52.383,,150.0,138.0,False,,"[None, 2048, 2048, 2048, 2048, 2048, 2048, 2048]","[2048, 2048, 2048, 2048, 2048, 2048, 2048, 2048, 2048, 2048]","[2048, 2048, 2048, 2048, 2048, 0, 0]",212.0
1207,9064,4,20,2023-04-28T14:27:22.743000+00:00,42.503,56.077,,158.0,146.0,False,,"[2048, 2048, 2048, 2048, 2048, 2048, 2048, 2048]","[2048, 2048, 2048, 2048, 2048, 2048, 2048, 2048, 2048, 2048]","[2048, 2048, 2048, 2048, 2048, 0, 0]",240.0
